active,amount,branch_id,created_at,currency_name,description,end_date,id,id_currency,index,judul_ba,kode_kepil,loa_description,location_name,name_branch,start_date,status,timezones,total,total_page,uper_multiplication,url_file
1,950000,17,2024-01-16 12:07,Dollar,"US$. di dermaga, loa 70 > 150",2030-12-31 23:59,1811,2,1,,PNK01,LOA 70 > 150,TPS/ICT OCEAN GOING,REGIONAL 3 TANJUNG PERAK,2024-01-01 00:00,TARIF AKTIF,Asia/Jakarta,438,1,110,
1,950000,17,2024-01-16 12:07,Dollar,"US$. di dermaga, loa 70 > 150",2030-12-31 23:59,1812,2,2,,PNK01,LOA 70 > 150,PINDA ASEN,REGIONAL 3 TANJUNG PERAK,2024-01-01 00:00,TARIF AKTIF,Asia/Jakarta,438,1,110,
1,950000,17,2024-01-16 12:07,Dollar,"US$. di dermaga, loa 70 > 150",2030-12-31 23:59,1821,2,3,,PNK01,LOA 70 > 150,NILAM TIMUR,REGIONAL 3 TANJUNG PERAK,2024-01-01 00:00,TARIF AKTIF,Asia/Jakarta,438,1,110,
1,950000,17,2024-01-16 12:07,Dollar,"US$. di dermaga, loa 70 > 150",2030-12-31 23:59,1820,2,4,,PNK01,LOA 70 > 150,JAMRUD BARAT,REGIONAL 3 TANJUNG PERAK,2024-01-01 00:00,TARIF AKTIF,Asia/Jakarta,438,1,110,
1,950000,17,2024-01-16 12:07,Dollar,"US$. di dermaga, loa 70 > 150",2030-12-31 23:59,1805,2,5,,PNK01,LOA 70 > 150,KADE BENOA,REGIONAL 3 TANJUNG PERAK,2024-01-01 00:00,TARIF AKTIF,Asia/Jakarta,438,1,110,
1,950000,17,2024-01-16 12:07,Dollar,"US$. di dermaga, loa 70 > 150",2030-12-31 23:59,1819,2,6,,PNK01,LOA 70 > 150,JAMRUD SELATAN,REGIONAL 3 TANJUNG PERAK,2024-01-01 00:00,TARIF AKTIF,Asia/Jakarta,438,1,110,
1,950000,17,2024-01-16 12:07,Dollar,"US$. di dermaga, loa 70 > 150",2030-12-31 23:59,1806,2,7,,PNK01,LOA 70 > 150,KADE INTAN,REGIONAL 3 TANJUNG PERAK,2024-01-01 00:00,TARIF AKTIF,Asia/Jakarta,438,1,110,
1,950000,17,2024-01-16 12:07,Dollar,"US$. di dermaga, loa 70 > 150",2030-12-31 23:59,1818,2,8,,PNK01,LOA 70 > 150,JAMRUD UTARA,REGIONAL 3 TANJUNG PERAK,2024-01-01 00:00,TARIF AKTIF,Asia/Jakarta,438,1,110,
1,950000,17,2024-01-16 12:07,Dollar,"US$. di dermaga, loa 70 > 150",2030-12-31 23:59,1816,2,9,,PNK01,LOA 70 > 150,KALIMAS-DERMAGA KM,REGIONAL 3 TANJUNG PERAK,2024-01-01 00:00,TARIF AKTIF,Asia/Jakarta,438,1,110,
1,950000,17,2024-01-16 12:07,Dollar,"US$. di dermaga, loa 70 > 150",2030-12-31 23:59,1824,2,10,,PNK01,LOA 70 > 150,BERLIAN UTARA,REGIONAL 3 TANJUNG PERAK,2024-01-01 00:00,TARIF AKTIF,Asia/Jakarta,438,1,110,
1,950000,17,2024-01-16 12:07,Dollar,"US$. di dermaga, loa 70 > 150",2030-12-31 23:59,1825,2,11,,PNK01,LOA 70 > 150,BERLIAN TIMUR / BEACHING,REGIONAL 3 TANJUNG PERAK,2024-01-01 00:00,TARIF AKTIF,Asia/Jakarta,438,1,110,
1,950000,17,2024-01-16 12:07,Dollar,"US$. di dermaga, loa 70 > 150",2030-12-31 23:59,1807,2,12,,PNK01,LOA 70 > 150,TELUK LAMONG - PETIKEMAS DOMESTIK,REGIONAL 3 TANJUNG PERAK,2024-01-01 00:00,TARIF AKTIF,Asia/Jakarta,438,1,110,
1,950000,17,2024-01-16 12:07,Dollar,"US$. di dermaga, loa 70 > 150",2030-12-31 23:59,1822,2,13,,PNK01,LOA 70 > 150,NILAM UTARA,REGIONAL 3 TANJUNG PERAK,2024-01-01 00:00,TARIF AKTIF,Asia/Jakarta,438,1,110,
1,950000,17,2024-01-16 12:07,Dollar,"US$. di dermaga, loa 70 > 150",2030-12-31 23:59,1810,2,14,,PNK01,LOA 70 > 150,LAMONG OCEAN GOING,REGIONAL 3 TANJUNG PERAK,2024-01-01 00:00,TARIF AKTIF,Asia/Jakarta,438,1,110,
1,950000,17,2024-01-16 12:07,Dollar,"US$. di dermaga, loa 70 > 150",2030-12-31 23:59,1826,2,15,,PNK01,LOA 70 > 150,BERLIAN BARAT,REGIONAL 3 TANJUNG PERAK,2024-01-01 00:00,TARIF AKTIF,Asia/Jakarta,438,1,110,
1,950000,17,2024-01-16 12:07,Dollar,"US$. di dermaga, loa 70 > 150",2030-12-31 23:59,1823,2,16,,PNK01,LOA 70 > 150,KALI PERAK/NILAM BARAT,REGIONAL 3 TANJUNG PERAK,2024-01-01 00:00,TARIF AKTIF,Asia/Jakarta,438,1,110,
1,950000,17,2024-01-16 12:07,Dollar,"US$. di dermaga, loa 70 > 150",2030-12-31 23:59,1809,2,17,,PNK01,LOA 70 > 150,MIRAH SELATAN,REGIONAL 3 TANJUNG PERAK,2024-01-01 00:00,TARIF AKTIF,Asia/Jakarta,438,1,110,
1,950000,17,2024-01-16 12:07,Dollar,"US$. di dermaga, loa 70 > 150",2030-12-31 23:59,2441,2,18,,PNK01,LOA 70 > 150,DERMAGA BERLIAN,REGIONAL 3 TANJUNG PERAK,2024-01-01 00:00,TARIF AKTIF,Asia/Jakarta,438,1,110,
1,950000,17,2024-01-16 12:07,Dollar,"US$. di dermaga, loa 70 > 150",2030-12-31 23:59,1814,2,19,,PNK01,LOA 70 > 150,ICT NUSANTARA,REGIONAL 3 TANJUNG PERAK,2024-01-01 00:00,TARIF AKTIF,Asia/Jakarta,438,1,110,
1,950000,17,2024-01-16 12:07,Dollar,"US$. di dermaga, loa 70 > 150",2030-12-31 23:59,1817,2,20,,PNK01,LOA 70 > 150,KALIMAS-DERMAGA KLM,REGIONAL 3 TANJUNG PERAK,2024-01-01 00:00,TARIF AKTIF,Asia/Jakarta,438,1,110,
1,950000,17,2024-01-16 12:07,Dollar,"US$. di dermaga, loa 70 > 150",2030-12-31 23:59,1813,2,21,,PNK01,LOA 70 > 150,TAMBATAN KALIMAS,REGIONAL 3 TANJUNG PERAK,2024-01-01 00:00,TARIF AKTIF,Asia/Jakarta,438,1,110,
1,950000,17,2024-01-16 12:07,Dollar,"US$. di dermaga, loa 70 > 150",2030-12-31 23:59,1815,2,22,,PNK01,LOA 70 > 150,LAMONG CURAH KERING,REGIONAL 3 TANJUNG PERAK,2024-01-01 00:00,TARIF AKTIF,Asia/Jakarta,438,1,110,
1,950000,17,2024-01-16 12:07,Dollar,"US$. di dermaga, loa 70 > 150",2030-12-31 23:59,1808,2,23,,PNK01,LOA 70 > 150,KADE PERAK,REGIONAL 3 TANJUNG PERAK,2024-01-01 00:00,TARIF AKTIF,Asia/Jakarta,438,1,110,
1,475000,17,2024-01-16 12:05,Rupiah,"Rp. di dermaga, loa 70 > 150",2030-12-31 23:59,1788,1,24,,PNK01,LOA 70 > 150,TPS/ICT OCEAN GOING,REGIONAL 3 TANJUNG PERAK,2024-01-01 00:00,TARIF AKTIF,Asia/Jakarta,438,1,110,
1,475000,17,2024-01-16 12:05,Rupiah,"Rp. di dermaga, loa 70 > 150",2030-12-31 23:59,1795,1,25,,PNK01,LOA 70 > 150,KADE PERAK,REGIONAL 3 TANJUNG PERAK,2024-01-01 00:00,TARIF AKTIF,Asia/Jakarta,438,1,110,
1,475000,17,2024-01-16 12:05,Rupiah,"Rp. di dermaga, loa 70 > 150",2030-12-31 23:59,1798,1,26,,PNK01,LOA 70 > 150,JAMRUD BARAT,REGIONAL 3 TANJUNG PERAK,2024-01-01 00:00,TARIF AKTIF,Asia/Jakarta,438,1,110,
1,475000,17,2024-01-16 12:05,Rupiah,"Rp. di dermaga, loa 70 > 150",2030-12-31 23:59,1797,1,27,,PNK01,LOA 70 > 150,JAMRUD SELATAN,REGIONAL 3 TANJUNG PERAK,2024-01-01 00:00,TARIF AKTIF,Asia/Jakarta,438,1,110,
1,475000,17,2024-01-16 12:05,Rupiah,"Rp. di dermaga, loa 70 > 150",2030-12-31 23:59,1796,1,28,,PNK01,LOA 70 > 150,JAMRUD UTARA,REGIONAL 3 TANJUNG PERAK,2024-01-01 00:00,TARIF AKTIF,Asia/Jakarta,438,1,110,
1,475000,17,2024-01-16 12:05,Rupiah,"Rp. di dermaga, loa 70 > 150",2030-12-31 23:59,1802,1,29,,PNK01,LOA 70 > 150,BERLIAN UTARA,REGIONAL 3 TANJUNG PERAK,2024-01-01 00:00,TARIF AKTIF,Asia/Jakarta,438,1,110,
1,475000,17,2024-01-16 12:05,Rupiah,"Rp. di dermaga, loa 70 > 150",2030-12-31 23:59,1784,1,30,,PNK01,LOA 70 > 150,TELUK LAMONG - PETIKEMAS DOMESTIK,REGIONAL 3 TANJUNG PERAK,2024-01-01 00:00,TARIF AKTIF,Asia/Jakarta,438,1,110,
1,475000,17,2024-01-16 12:05,Rupiah,"Rp. di dermaga, loa 70 > 150",2030-12-31 23:59,1787,1,31,,PNK01,LOA 70 > 150,LAMONG OCEAN GOING,REGIONAL 3 TANJUNG PERAK,2024-01-01 00:00,TARIF AKTIF,Asia/Jakarta,438,1,110,
1,475000,17,2024-01-16 12:05,Rupiah,"Rp. di dermaga, loa 70 > 150",2030-12-31 23:59,1801,1,32,,PNK01,LOA 70 > 150,KALI PERAK/NILAM BARAT,REGIONAL 3 TANJUNG PERAK,2024-01-01 00:00,TARIF AKTIF,Asia/Jakarta,438,1,110,
1,475000,17,2024-01-16 12:05,Rupiah,"Rp. di dermaga, loa 70 > 150",2030-12-31 23:59,2230,1,33,,PNK01,LOA 70 > 150,GRVING DOCK/PAL,REGIONAL 3 TANJUNG PERAK,2024-01-01 00:00,TARIF AKTIF,Asia/Jakarta,438,1,110,
1,475000,17,2024-01-16 12:05,Rupiah,"Rp. di dermaga, loa 70 > 150",2030-12-31 23:59,1791,1,34,,PNK01,LOA 70 > 150,ICT NUSANTARA,REGIONAL 3 TANJUNG PERAK,2024-01-01 00:00,TARIF AKTIF,Asia/Jakarta,438,1,110,
1,475000,17,2024-01-16 12:05,Rupiah,"Rp. di dermaga, loa 70 > 150",2030-12-31 23:59,1790,1,35,,PNK01,LOA 70 > 150,TAMBATAN KALIMAS,REGIONAL 3 TANJUNG PERAK,2024-01-01 00:00,TARIF AKTIF,Asia/Jakarta,438,1,110,
1,475000,17,2024-01-16 12:05,Rupiah,"Rp. di dermaga, loa 70 > 150",2030-12-31 23:59,1799,1,36,,PNK01,LOA 70 > 150,NILAM TIMUR,REGIONAL 3 TANJUNG PERAK,2024-01-01 00:00,TARIF AKTIF,Asia/Jakarta,438,1,110,
1,475000,17,2024-01-16 12:05,Rupiah,"Rp. di dermaga, loa 70 > 150",2030-12-31 23:59,1783,1,37,,PNK01,LOA 70 > 150,KADE INTAN,REGIONAL 3 TANJUNG PERAK,2024-01-01 00:00,TARIF AKTIF,Asia/Jakarta,438,1,110,
1,475000,17,2024-01-16 12:05,Rupiah,"Rp. di dermaga, loa 70 > 150",2030-12-31 23:59,1803,1,38,,PNK01,LOA 70 > 150,BERLIAN TIMUR / BEACHING,REGIONAL 3 TANJUNG PERAK,2024-01-01 00:00,TARIF AKTIF,Asia/Jakarta,438,1,110,
1,475000,17,2024-01-16 12:05,Rupiah,"Rp. di dermaga, loa 70 > 150",2030-12-31 23:59,1804,1,39,,PNK01,LOA 70 > 150,BERLIAN BARAT,REGIONAL 3 TANJUNG PERAK,2024-01-01 00:00,TARIF AKTIF,Asia/Jakarta,438,1,110,
1,475000,17,2024-01-16 12:05,Rupiah,"Rp. di dermaga, loa 70 > 150",2030-12-31 23:59,2440,1,40,,PNK01,LOA 70 > 150,DERMAGA BERLIAN,REGIONAL 3 TANJUNG PERAK,2024-01-01 00:00,TARIF AKTIF,Asia/Jakarta,438,1,110,
1,475000,17,2024-01-16 12:05,Rupiah,"Rp. di dermaga, loa 70 > 150",2030-12-31 23:59,1785,1,41,,PNK01,LOA 70 > 150,MIRAH TIMUR,REGIONAL 3 TANJUNG PERAK,2024-01-01 00:00,TARIF AKTIF,Asia/Jakarta,438,1,110,
1,475000,17,2024-01-16 12:05,Rupiah,"Rp. di dermaga, loa 70 > 150",2030-12-31 23:59,1782,1,42,,PNK01,LOA 70 > 150,KADE BENOA,REGIONAL 3 TANJUNG PERAK,2024-01-01 00:00,TARIF AKTIF,Asia/Jakarta,438,1,110,
1,475000,17,2024-01-16 12:05,Rupiah,"Rp. di dermaga, loa 70 > 150",2030-12-31 23:59,1800,1,43,,PNK01,LOA 70 > 150,NILAM UTARA,REGIONAL 3 TANJUNG PERAK,2024-01-01 00:00,TARIF AKTIF,Asia/Jakarta,438,1,110,
1,475000,17,2024-01-16 12:05,Rupiah,"Rp. di dermaga, loa 70 > 150",2030-12-31 23:59,1794,1,44,,PNK01,LOA 70 > 150,KALIMAS-DERMAGA KLM,REGIONAL 3 TANJUNG PERAK,2024-01-01 00:00,TARIF AKTIF,Asia/Jakarta,438,1,110,
1,475000,17,2024-01-16 12:05,Rupiah,"Rp. di dermaga, loa 70 > 150",2030-12-31 23:59,1793,1,45,,PNK01,LOA 70 > 150,KALIMAS-DERMAGA KM,REGIONAL 3 TANJUNG PERAK,2024-01-01 00:00,TARIF AKTIF,Asia/Jakarta,438,1,110,
1,475000,17,2024-01-16 12:05,Rupiah,"Rp. di dermaga, loa 70 > 150",2030-12-31 23:59,1792,1,46,,PNK01,LOA 70 > 150,LAMONG CURAH KERING,REGIONAL 3 TANJUNG PERAK,2024-01-01 00:00,TARIF AKTIF,Asia/Jakarta,438,1,110,
1,475000,17,2024-01-16 12:05,Rupiah,"Rp. di dermaga, loa 70 > 150",2030-12-31 23:59,1786,1,47,,PNK01,LOA 70 > 150,MIRAH SELATAN,REGIONAL 3 TANJUNG PERAK,2024-01-01 00:00,TARIF AKTIF,Asia/Jakarta,438,1,110,
1,475000,17,2024-01-16 12:05,Rupiah,"Rp. di dermaga, loa 70 > 150",2030-12-31 23:59,1789,1,48,,PNK01,LOA 70 > 150,PINDA ASEN,REGIONAL 3 TANJUNG PERAK,2024-01-01 00:00,TARIF AKTIF,Asia/Jakarta,438,1,110,
1,1150000,17,2024-01-16 11:52,Dollar,"US$. di dermaga, loa 150 > 250",2030-12-31 23:59,1715,2,49,,PNK01,LOA 150 > 250,LAMONG OCEAN GOING,REGIONAL 3 TANJUNG PERAK,2024-01-01 00:00,TARIF AKTIF,Asia/Jakarta,438,1,110,
1,675000,17,2024-01-16 11:52,Rupiah,"Rp. di dermaga, loa => 250",2030-12-31 23:59,1738,1,50,,PNK01,LOA >= 250,TELUK LAMONG - PETIKEMAS DOMESTIK,REGIONAL 3 TANJUNG PERAK,2024-01-01 00:00,TARIF AKTIF,Asia/Jakarta,438,1,110,
1,1350000,17,2024-01-16 11:52,Dollar,"US$. di dermaga, loa => 250",2030-12-31 23:59,1761,2,51,,PNK01,LOA >= 250,TELUK LAMONG - PETIKEMAS DOMESTIK,REGIONAL 3 TANJUNG PERAK,2024-01-01 00:00,TARIF AKTIF,Asia/Jakarta,438,1,110,
1,1150000,17,2024-01-16 11:52,Dollar,"US$. di dermaga, loa 150 > 250",2030-12-31 23:59,1716,2,52,,PNK01,LOA 150 > 250,TELUK LAMONG - PETIKEMAS DOMESTIK,REGIONAL 3 TANJUNG PERAK,2024-01-01 00:00,TARIF AKTIF,Asia/Jakarta,438,1,110,
1,675000,17,2024-01-16 11:52,Rupiah,"Rp. di dermaga, loa => 250",2030-12-31 23:59,1739,1,53,,PNK01,LOA >= 250,BERLIAN UTARA,REGIONAL 3 TANJUNG PERAK,2024-01-01 00:00,TARIF AKTIF,Asia/Jakarta,438,1,110,
1,1350000,17,2024-01-16 11:52,Dollar,"US$. di dermaga, loa => 250",2030-12-31 23:59,1762,2,54,,PNK01,LOA >= 250,BERLIAN UTARA,REGIONAL 3 TANJUNG PERAK,2024-01-01 00:00,TARIF AKTIF,Asia/Jakarta,438,1,110,
1,1150000,17,2024-01-16 11:52,Dollar,"US$. di dermaga, loa 150 > 250",2030-12-31 23:59,1717,2,55,,PNK01,LOA 150 > 250,BERLIAN UTARA,REGIONAL 3 TANJUNG PERAK,2024-01-01 00:00,TARIF AKTIF,Asia/Jakarta,438,1,110,
1,675000,17,2024-01-16 11:52,Rupiah,"Rp. di dermaga, loa => 250",2030-12-31 23:59,1740,1,56,,PNK01,LOA >= 250,JAMRUD UTARA,REGIONAL 3 TANJUNG PERAK,2024-01-01 00:00,TARIF AKTIF,Asia/Jakarta,438,1,110,
1,1350000,17,2024-01-16 11:52,Dollar,"US$. di dermaga, loa => 250",2030-12-31 23:59,1763,2,57,,PNK01,LOA >= 250,JAMRUD UTARA,REGIONAL 3 TANJUNG PERAK,2024-01-01 00:00,TARIF AKTIF,Asia/Jakarta,438,1,110,
1,1150000,17,2024-01-16 11:52,Dollar,"US$. di dermaga, loa 150 > 250",2030-12-31 23:59,1718,2,58,,PNK01,LOA 150 > 250,JAMRUD UTARA,REGIONAL 3 TANJUNG PERAK,2024-01-01 00:00,TARIF AKTIF,Asia/Jakarta,438,1,110,
1,675000,17,2024-01-16 11:52,Rupiah,"Rp. di dermaga, loa => 250",2030-12-31 23:59,1741,1,59,,PNK01,LOA >= 250,JAMRUD SELATAN,REGIONAL 3 TANJUNG PERAK,2024-01-01 00:00,TARIF AKTIF,Asia/Jakarta,438,1,110,
1,1350000,17,2024-01-16 11:52,Dollar,"US$. di dermaga, loa => 250",2030-12-31 23:59,1764,2,60,,PNK01,LOA >= 250,JAMRUD SELATAN,REGIONAL 3 TANJUNG PERAK,2024-01-01 00:00,TARIF AKTIF,Asia/Jakarta,438,1,110,
1,1150000,17,2024-01-16 11:52,Dollar,"US$. di dermaga, loa 150 > 250",2030-12-31 23:59,1719,2,61,,PNK01,LOA 150 > 250,JAMRUD SELATAN,REGIONAL 3 TANJUNG PERAK,2024-01-01 00:00,TARIF AKTIF,Asia/Jakarta,438,1,110,
1,675000,17,2024-01-16 11:52,Rupiah,"Rp. di dermaga, loa => 250",2030-12-31 23:59,1742,1,62,,PNK01,LOA >= 250,JAMRUD BARAT,REGIONAL 3 TANJUNG PERAK,2024-01-01 00:00,TARIF AKTIF,Asia/Jakarta,438,1,110,
1,1350000,17,2024-01-16 11:52,Dollar,"US$. di dermaga, loa => 250",2030-12-31 23:59,1765,2,63,,PNK01,LOA >= 250,JAMRUD BARAT,REGIONAL 3 TANJUNG PERAK,2024-01-01 00:00,TARIF AKTIF,Asia/Jakarta,438,1,110,
1,1150000,17,2024-01-16 11:52,Dollar,"US$. di dermaga, loa 150 > 250",2030-12-31 23:59,1720,2,64,,PNK01,LOA 150 > 250,JAMRUD BARAT,REGIONAL 3 TANJUNG PERAK,2024-01-01 00:00,TARIF AKTIF,Asia/Jakarta,438,1,110,
1,675000,17,2024-01-16 11:52,Rupiah,"Rp. di dermaga, loa => 250",2030-12-31 23:59,1743,1,65,,PNK01,LOA >= 250,KADE PERAK,REGIONAL 3 TANJUNG PERAK,2024-01-01 00:00,TARIF AKTIF,Asia/Jakarta,438,1,110,
1,1350000,17,2024-01-16 11:52,Dollar,"US$. di dermaga, loa => 250",2030-12-31 23:59,1766,2,66,,PNK01,LOA >= 250,KADE PERAK,REGIONAL 3 TANJUNG PERAK,2024-01-01 00:00,TARIF AKTIF,Asia/Jakarta,438,1,110,
1,1150000,17,2024-01-16 11:52,Dollar,"US$. di dermaga, loa 150 > 250",2030-12-31 23:59,1721,2,67,,PNK01,LOA 150 > 250,KADE PERAK,REGIONAL 3 TANJUNG PERAK,2024-01-01 00:00,TARIF AKTIF,Asia/Jakarta,438,1,110,
1,1150000,17,2024-01-16 11:52,Dollar,"US$. di dermaga, loa 150 > 250",2030-12-31 23:59,1722,2,68,,PNK01,LOA 150 > 250,TPS/ICT OCEAN GOING,REGIONAL 3 TANJUNG PERAK,2024-01-01 00:00,TARIF AKTIF,Asia/Jakarta,438,1,110,
1,675000,17,2024-01-16 11:52,Rupiah,"Rp. di dermaga, loa => 250",2030-12-31 23:59,1744,1,69,,PNK01,LOA >= 250,TPS/ICT OCEAN GOING,REGIONAL 3 TANJUNG PERAK,2024-01-01 00:00,TARIF AKTIF,Asia/Jakarta,438,1,110,
1,1350000,17,2024-01-16 11:52,Dollar,"US$. di dermaga, loa => 250",2030-12-31 23:59,1767,2,70,,PNK01,LOA >= 250,TPS/ICT OCEAN GOING,REGIONAL 3 TANJUNG PERAK,2024-01-01 00:00,TARIF AKTIF,Asia/Jakarta,438,1,110,
1,1150000,17,2024-01-16 11:52,Dollar,"US$. di dermaga, loa 150 > 250",2030-12-31 23:59,1731,2,71,,PNK01,LOA 150 > 250,MIRAH SELATAN,REGIONAL 3 TANJUNG PERAK,2024-01-01 00:00,TARIF AKTIF,Asia/Jakarta,438,1,110,
1,675000,17,2024-01-16 11:52,Rupiah,"Rp. di dermaga, loa => 250",2030-12-31 23:59,1753,1,72,,PNK01,LOA >= 250,MIRAH SELATAN,REGIONAL 3 TANJUNG PERAK,2024-01-01 00:00,TARIF AKTIF,Asia/Jakarta,438,1,110,
1,1350000,17,2024-01-16 11:52,Dollar,"US$. di dermaga, loa => 250",2030-12-31 23:59,1776,2,73,,PNK01,LOA >= 250,MIRAH SELATAN,REGIONAL 3 TANJUNG PERAK,2024-01-01 00:00,TARIF AKTIF,Asia/Jakarta,438,1,110,
1,1150000,17,2024-01-16 11:52,Dollar,"US$. di dermaga, loa 150 > 250",2030-12-31 23:59,1732,2,74,,PNK01,LOA 150 > 250,LAMONG CURAH KERING,REGIONAL 3 TANJUNG PERAK,2024-01-01 00:00,TARIF AKTIF,Asia/Jakarta,438,1,110,
1,675000,17,2024-01-16 11:52,Rupiah,"Rp. di dermaga, loa => 250",2030-12-31 23:59,1754,1,75,,PNK01,LOA >= 250,LAMONG CURAH KERING,REGIONAL 3 TANJUNG PERAK,2024-01-01 00:00,TARIF AKTIF,Asia/Jakarta,438,1,110,
1,1350000,17,2024-01-16 11:52,Dollar,"US$. di dermaga, loa => 250",2030-12-31 23:59,1777,2,76,,PNK01,LOA >= 250,LAMONG CURAH KERING,REGIONAL 3 TANJUNG PERAK,2024-01-01 00:00,TARIF AKTIF,Asia/Jakarta,438,1,110,
1,1150000,17,2024-01-16 11:52,Dollar,"US$. di dermaga, loa 150 > 250",2030-12-31 23:59,1733,2,77,,PNK01,LOA 150 > 250,KALIMAS-DERMAGA KM,REGIONAL 3 TANJUNG PERAK,2024-01-01 00:00,TARIF AKTIF,Asia/Jakarta,438,1,110,
1,675000,17,2024-01-16 11:52,Rupiah,"Rp. di dermaga, loa => 250",2030-12-31 23:59,1755,1,78,,PNK01,LOA >= 250,KALIMAS-DERMAGA KM,REGIONAL 3 TANJUNG PERAK,2024-01-01 00:00,TARIF AKTIF,Asia/Jakarta,438,1,110,
1,1350000,17,2024-01-16 11:52,Dollar,"US$. di dermaga, loa => 250",2030-12-31 23:59,1778,2,79,,PNK01,LOA >= 250,KALIMAS-DERMAGA KM,REGIONAL 3 TANJUNG PERAK,2024-01-01 00:00,TARIF AKTIF,Asia/Jakarta,438,1,110,
1,1150000,17,2024-01-16 11:52,Dollar,"US$. di dermaga, loa 150 > 250",2030-12-31 23:59,1734,2,80,,PNK01,LOA 150 > 250,KALIMAS-DERMAGA KLM,REGIONAL 3 TANJUNG PERAK,2024-01-01 00:00,TARIF AKTIF,Asia/Jakarta,438,1,110,
1,675000,17,2024-01-16 11:52,Rupiah,"Rp. di dermaga, loa => 250",2030-12-31 23:59,1756,1,81,,PNK01,LOA >= 250,KALIMAS-DERMAGA KLM,REGIONAL 3 TANJUNG PERAK,2024-01-01 00:00,TARIF AKTIF,Asia/Jakarta,438,1,110,
1,1350000,17,2024-01-16 11:52,Dollar,"US$. di dermaga, loa => 250",2030-12-31 23:59,1779,2,82,,PNK01,LOA >= 250,KALIMAS-DERMAGA KLM,REGIONAL 3 TANJUNG PERAK,2024-01-01 00:00,TARIF AKTIF,Asia/Jakarta,438,1,110,
1,1150000,17,2024-01-16 11:52,Dollar,"US$. di dermaga, loa 150 > 250",2030-12-31 23:59,1735,2,83,,PNK01,LOA 150 > 250,NILAM UTARA,REGIONAL 3 TANJUNG PERAK,2024-01-01 00:00,TARIF AKTIF,Asia/Jakarta,438,1,110,
1,675000,17,2024-01-16 11:52,Rupiah,"Rp. di dermaga, loa => 250",2030-12-31 23:59,1757,1,84,,PNK01,LOA >= 250,NILAM UTARA,REGIONAL 3 TANJUNG PERAK,2024-01-01 00:00,TARIF AKTIF,Asia/Jakarta,438,1,110,
1,1350000,17,2024-01-16 11:52,Dollar,"US$. di dermaga, loa => 250",2030-12-31 23:59,1780,2,85,,PNK01,LOA >= 250,NILAM UTARA,REGIONAL 3 TANJUNG PERAK,2024-01-01 00:00,TARIF AKTIF,Asia/Jakarta,438,1,110,
1,1150000,17,2024-01-16 11:52,Dollar,"US$. di dermaga, loa 150 > 250",2030-12-31 23:59,1736,2,86,,PNK01,LOA 150 > 250,KADE BENOA,REGIONAL 3 TANJUNG PERAK,2024-01-01 00:00,TARIF AKTIF,Asia/Jakarta,438,1,110,
1,675000,17,2024-01-16 11:52,Rupiah,"Rp. di dermaga, loa => 250",2030-12-31 23:59,1758,1,87,,PNK01,LOA >= 250,KADE BENOA,REGIONAL 3 TANJUNG PERAK,2024-01-01 00:00,TARIF AKTIF,Asia/Jakarta,438,1,110,
1,1350000,17,2024-01-16 11:52,Dollar,"US$. di dermaga, loa => 250",2030-12-31 23:59,1781,2,88,,PNK01,LOA >= 250,KADE BENOA,REGIONAL 3 TANJUNG PERAK,2024-01-01 00:00,TARIF AKTIF,Asia/Jakarta,438,1,110,
1,675000,17,2024-01-16 11:52,Rupiah,"Rp. di dermaga, loa => 250",2030-12-31 23:59,1759,1,89,,PNK01,LOA >= 250,MIRAH TIMUR,REGIONAL 3 TANJUNG PERAK,2024-01-01 00:00,TARIF AKTIF,Asia/Jakarta,438,1,110,
1,675000,17,2024-01-16 11:52,Rupiah,"Rp. di dermaga, loa => 250",2030-12-31 23:59,2438,1,90,,PNK01,LOA >= 250,DERMAGA BERLIAN,REGIONAL 3 TANJUNG PERAK,2024-01-01 00:00,TARIF AKTIF,Asia/Jakarta,438,1,110,
1,1350000,17,2024-01-16 11:52,Dollar,"US$. di dermaga, loa => 250",2030-12-31 23:59,2439,2,91,,PNK01,LOA >= 250,DERMAGA BERLIAN,REGIONAL 3 TANJUNG PERAK,2024-01-01 00:00,TARIF AKTIF,Asia/Jakarta,438,1,110,
1,1150000,17,2024-01-16 11:52,Dollar,"US$. di dermaga, loa 150 > 250",2030-12-31 23:59,2444,2,92,,PNK01,LOA 150 > 250,DERMAGA BERLIAN,REGIONAL 3 TANJUNG PERAK,2024-01-01 00:00,TARIF AKTIF,Asia/Jakarta,438,1,110,
1,1150000,17,2024-01-16 11:52,Dollar,"US$. di dermaga, loa 150 > 250",2030-12-31 23:59,1723,2,93,,PNK01,LOA 150 > 250,BERLIAN BARAT,REGIONAL 3 TANJUNG PERAK,2024-01-01 00:00,TARIF AKTIF,Asia/Jakarta,438,1,110,
1,675000,17,2024-01-16 11:52,Rupiah,"Rp. di dermaga, loa => 250",2030-12-31 23:59,1745,1,94,,PNK01,LOA >= 250,BERLIAN BARAT,REGIONAL 3 TANJUNG PERAK,2024-01-01 00:00,TARIF AKTIF,Asia/Jakarta,438,1,110,
1,1350000,17,2024-01-16 11:52,Dollar,"US$. di dermaga, loa => 250",2030-12-31 23:59,1768,2,95,,PNK01,LOA >= 250,BERLIAN BARAT,REGIONAL 3 TANJUNG PERAK,2024-01-01 00:00,TARIF AKTIF,Asia/Jakarta,438,1,110,
1,1150000,17,2024-01-16 11:52,Dollar,"US$. di dermaga, loa 150 > 250",2030-12-31 23:59,1724,2,96,,PNK01,LOA 150 > 250,BERLIAN TIMUR / BEACHING,REGIONAL 3 TANJUNG PERAK,2024-01-01 00:00,TARIF AKTIF,Asia/Jakarta,438,1,110,
1,675000,17,2024-01-16 11:52,Rupiah,"Rp. di dermaga, loa => 250",2030-12-31 23:59,1746,1,97,,PNK01,LOA >= 250,BERLIAN TIMUR / BEACHING,REGIONAL 3 TANJUNG PERAK,2024-01-01 00:00,TARIF AKTIF,Asia/Jakarta,438,1,110,
1,1350000,17,2024-01-16 11:52,Dollar,"US$. di dermaga, loa => 250",2030-12-31 23:59,1769,2,98,,PNK01,LOA >= 250,BERLIAN TIMUR / BEACHING,REGIONAL 3 TANJUNG PERAK,2024-01-01 00:00,TARIF AKTIF,Asia/Jakarta,438,1,110,
1,1150000,17,2024-01-16 11:52,Dollar,"US$. di dermaga, loa 150 > 250",2030-12-31 23:59,1725,2,99,,PNK01,LOA 150 > 250,KADE INTAN,REGIONAL 3 TANJUNG PERAK,2024-01-01 00:00,TARIF AKTIF,Asia/Jakarta,438,1,110,
1,675000,17,2024-01-16 11:52,Rupiah,"Rp. di dermaga, loa => 250",2030-12-31 23:59,1747,1,100,,PNK01,LOA >= 250,KADE INTAN,REGIONAL 3 TANJUNG PERAK,2024-01-01 00:00,TARIF AKTIF,Asia/Jakarta,438,1,110,
1,1350000,17,2024-01-16 11:52,Dollar,"US$. di dermaga, loa => 250",2030-12-31 23:59,1770,2,101,,PNK01,LOA >= 250,KADE INTAN,REGIONAL 3 TANJUNG PERAK,2024-01-01 00:00,TARIF AKTIF,Asia/Jakarta,438,1,110,
1,1150000,17,2024-01-16 11:52,Dollar,"US$. di dermaga, loa 150 > 250",2030-12-31 23:59,1726,2,102,,PNK01,LOA 150 > 250,NILAM TIMUR,REGIONAL 3 TANJUNG PERAK,2024-01-01 00:00,TARIF AKTIF,Asia/Jakarta,438,1,110,
1,675000,17,2024-01-16 11:52,Rupiah,"Rp. di dermaga, loa => 250",2030-12-31 23:59,1748,1,103,,PNK01,LOA >= 250,NILAM TIMUR,REGIONAL 3 TANJUNG PERAK,2024-01-01 00:00,TARIF AKTIF,Asia/Jakarta,438,1,110,
1,1350000,17,2024-01-16 11:52,Dollar,"US$. di dermaga, loa => 250",2030-12-31 23:59,1771,2,104,,PNK01,LOA >= 250,NILAM TIMUR,REGIONAL 3 TANJUNG PERAK,2024-01-01 00:00,TARIF AKTIF,Asia/Jakarta,438,1,110,
1,1150000,17,2024-01-16 11:52,Dollar,"US$. di dermaga, loa 150 > 250",2030-12-31 23:59,1727,2,105,,PNK01,LOA 150 > 250,PINDA ASEN,REGIONAL 3 TANJUNG PERAK,2024-01-01 00:00,TARIF AKTIF,Asia/Jakarta,438,1,110,
1,675000,17,2024-01-16 11:52,Rupiah,"Rp. di dermaga, loa => 250",2030-12-31 23:59,1749,1,106,,PNK01,LOA >= 250,PINDA ASEN,REGIONAL 3 TANJUNG PERAK,2024-01-01 00:00,TARIF AKTIF,Asia/Jakarta,438,1,110,
1,1350000,17,2024-01-16 11:52,Dollar,"US$. di dermaga, loa => 250",2030-12-31 23:59,1772,2,107,,PNK01,LOA >= 250,PINDA ASEN,REGIONAL 3 TANJUNG PERAK,2024-01-01 00:00,TARIF AKTIF,Asia/Jakarta,438,1,110,
1,1150000,17,2024-01-16 11:52,Dollar,"US$. di dermaga, loa 150 > 250",2030-12-31 23:59,1728,2,108,,PNK01,LOA 150 > 250,TAMBATAN KALIMAS,REGIONAL 3 TANJUNG PERAK,2024-01-01 00:00,TARIF AKTIF,Asia/Jakarta,438,1,110,
1,675000,17,2024-01-16 11:52,Rupiah,"Rp. di dermaga, loa => 250",2030-12-31 23:59,1750,1,109,,PNK01,LOA >= 250,TAMBATAN KALIMAS,REGIONAL 3 TANJUNG PERAK,2024-01-01 00:00,TARIF AKTIF,Asia/Jakarta,438,1,110,
1,1350000,17,2024-01-16 11:52,Dollar,"US$. di dermaga, loa => 250",2030-12-31 23:59,1773,2,110,,PNK01,LOA >= 250,TAMBATAN KALIMAS,REGIONAL 3 TANJUNG PERAK,2024-01-01 00:00,TARIF AKTIF,Asia/Jakarta,438,1,110,
1,1150000,17,2024-01-16 11:52,Dollar,"US$. di dermaga, loa 150 > 250",2030-12-31 23:59,1729,2,111,,PNK01,LOA 150 > 250,ICT NUSANTARA,REGIONAL 3 TANJUNG PERAK,2024-01-01 00:00,TARIF AKTIF,Asia/Jakarta,438,1,110,
1,675000,17,2024-01-16 11:52,Rupiah,"Rp. di dermaga, loa => 250",2030-12-31 23:59,1751,1,112,,PNK01,LOA >= 250,ICT NUSANTARA,REGIONAL 3 TANJUNG PERAK,2024-01-01 00:00,TARIF AKTIF,Asia/Jakarta,438,1,110,
1,1350000,17,2024-01-16 11:52,Dollar,"US$. di dermaga, loa => 250",2030-12-31 23:59,1774,2,113,,PNK01,LOA >= 250,ICT NUSANTARA,REGIONAL 3 TANJUNG PERAK,2024-01-01 00:00,TARIF AKTIF,Asia/Jakarta,438,1,110,
1,1150000,17,2024-01-16 11:52,Dollar,"US$. di dermaga, loa 150 > 250",2030-12-31 23:59,1730,2,114,,PNK01,LOA 150 > 250,KALI PERAK/NILAM BARAT,REGIONAL 3 TANJUNG PERAK,2024-01-01 00:00,TARIF AKTIF,Asia/Jakarta,438,1,110,
1,675000,17,2024-01-16 11:52,Rupiah,"Rp. di dermaga, loa => 250",2030-12-31 23:59,1752,1,115,,PNK01,LOA >= 250,KALI PERAK/NILAM BARAT,REGIONAL 3 TANJUNG PERAK,2024-01-01 00:00,TARIF AKTIF,Asia/Jakarta,438,1,110,
1,1350000,17,2024-01-16 11:52,Dollar,"US$. di dermaga, loa => 250",2030-12-31 23:59,1775,2,116,,PNK01,LOA >= 250,KALI PERAK/NILAM BARAT,REGIONAL 3 TANJUNG PERAK,2024-01-01 00:00,TARIF AKTIF,Asia/Jakarta,438,1,110,
1,675000,17,2024-01-16 11:52,Rupiah,"Rp. di dermaga, loa => 250",2030-12-31 23:59,1737,1,117,,PNK01,LOA >= 250,LAMONG OCEAN GOING,REGIONAL 3 TANJUNG PERAK,2024-01-01 00:00,TARIF AKTIF,Asia/Jakarta,438,1,110,
1,1350000,17,2024-01-16 11:52,Dollar,"US$. di dermaga, loa => 250",2030-12-31 23:59,1760,2,118,,PNK01,LOA >= 250,LAMONG OCEAN GOING,REGIONAL 3 TANJUNG PERAK,2024-01-01 00:00,TARIF AKTIF,Asia/Jakarta,438,1,110,
1,575000,17,2024-01-16 11:49,Rupiah,"Rp. di dermaga, loa 150 > 250",2030-12-31 23:59,1692,1,119,,PNK01,LOA 150 > 250,LAMONG OCEAN GOING,REGIONAL 3 TANJUNG PERAK,2024-01-01 00:00,TARIF AKTIF,Asia/Jakarta,438,1,110,
1,575000,17,2024-01-16 11:49,Rupiah,"Rp. di dermaga, loa 150 > 250",2030-12-31 23:59,1707,1,120,,PNK01,LOA 150 > 250,KALI PERAK/NILAM BARAT,REGIONAL 3 TANJUNG PERAK,2024-01-01 00:00,TARIF AKTIF,Asia/Jakarta,438,1,110,
1,575000,17,2024-01-16 11:49,Rupiah,"Rp. di dermaga, loa 150 > 250",2030-12-31 23:59,1694,1,121,,PNK01,LOA 150 > 250,BERLIAN UTARA,REGIONAL 3 TANJUNG PERAK,2024-01-01 00:00,TARIF AKTIF,Asia/Jakarta,438,1,110,
1,575000,17,2024-01-16 11:49,Rupiah,"Rp. di dermaga, loa 150 > 250",2030-12-31 23:59,1695,1,122,,PNK01,LOA 150 > 250,JAMRUD UTARA,REGIONAL 3 TANJUNG PERAK,2024-01-01 00:00,TARIF AKTIF,Asia/Jakarta,438,1,110,
1,575000,17,2024-01-16 11:49,Rupiah,"Rp. di dermaga, loa 150 > 250",2030-12-31 23:59,1696,1,123,,PNK01,LOA 150 > 250,JAMRUD SELATAN,REGIONAL 3 TANJUNG PERAK,2024-01-01 00:00,TARIF AKTIF,Asia/Jakarta,438,1,110,
1,575000,17,2024-01-16 11:49,Rupiah,"Rp. di dermaga, loa 150 > 250",2030-12-31 23:59,1697,1,124,,PNK01,LOA 150 > 250,JAMRUD BARAT,REGIONAL 3 TANJUNG PERAK,2024-01-01 00:00,TARIF AKTIF,Asia/Jakarta,438,1,110,
1,575000,17,2024-01-16 11:49,Rupiah,"Rp. di dermaga, loa 150 > 250",2030-12-31 23:59,1698,1,125,,PNK01,LOA 150 > 250,KADE PERAK,REGIONAL 3 TANJUNG PERAK,2024-01-01 00:00,TARIF AKTIF,Asia/Jakarta,438,1,110,
1,575000,17,2024-01-16 11:49,Rupiah,"Rp. di dermaga, loa 150 > 250",2030-12-31 23:59,1699,1,126,,PNK01,LOA 150 > 250,TPS/ICT OCEAN GOING,REGIONAL 3 TANJUNG PERAK,2024-01-01 00:00,TARIF AKTIF,Asia/Jakarta,438,1,110,
1,575000,17,2024-01-16 11:49,Rupiah,"Rp. di dermaga, loa 150 > 250",2030-12-31 23:59,1708,1,127,,PNK01,LOA 150 > 250,MIRAH SELATAN,REGIONAL 3 TANJUNG PERAK,2024-01-01 00:00,TARIF AKTIF,Asia/Jakarta,438,1,110,
1,575000,17,2024-01-16 11:49,Rupiah,"Rp. di dermaga, loa 150 > 250",2030-12-31 23:59,1709,1,128,,PNK01,LOA 150 > 250,LAMONG CURAH KERING,REGIONAL 3 TANJUNG PERAK,2024-01-01 00:00,TARIF AKTIF,Asia/Jakarta,438,1,110,
1,575000,17,2024-01-16 11:49,Rupiah,"Rp. di dermaga, loa 150 > 250",2030-12-31 23:59,1710,1,129,,PNK01,LOA 150 > 250,KALIMAS-DERMAGA KM,REGIONAL 3 TANJUNG PERAK,2024-01-01 00:00,TARIF AKTIF,Asia/Jakarta,438,1,110,
1,575000,17,2024-01-16 11:49,Rupiah,"Rp. di dermaga, loa 150 > 250",2030-12-31 23:59,1711,1,130,,PNK01,LOA 150 > 250,KALIMAS-DERMAGA KLM,REGIONAL 3 TANJUNG PERAK,2024-01-01 00:00,TARIF AKTIF,Asia/Jakarta,438,1,110,
1,575000,17,2024-01-16 11:49,Rupiah,"Rp. di dermaga, loa 150 > 250",2030-12-31 23:59,1712,1,131,,PNK01,LOA 150 > 250,NILAM UTARA,REGIONAL 3 TANJUNG PERAK,2024-01-01 00:00,TARIF AKTIF,Asia/Jakarta,438,1,110,
1,575000,17,2024-01-16 11:49,Rupiah,"Rp. di dermaga, loa 150 > 250",2030-12-31 23:59,1713,1,132,,PNK01,LOA 150 > 250,KADE BENOA,REGIONAL 3 TANJUNG PERAK,2024-01-01 00:00,TARIF AKTIF,Asia/Jakarta,438,1,110,
1,575000,17,2024-01-16 11:49,Rupiah,"Rp. di dermaga, loa 150 > 250",2030-12-31 23:59,1714,1,133,,PNK01,LOA 150 > 250,MIRAH TIMUR,REGIONAL 3 TANJUNG PERAK,2024-01-01 00:00,TARIF AKTIF,Asia/Jakarta,438,1,110,
1,575000,17,2024-01-16 11:49,Rupiah,"Rp. di dermaga, loa 150 > 250",2030-12-31 23:59,2443,1,134,,PNK01,LOA 150 > 250,DERMAGA BERLIAN,REGIONAL 3 TANJUNG PERAK,2024-01-01 00:00,TARIF AKTIF,Asia/Jakarta,438,1,110,
1,575000,17,2024-01-16 11:49,Rupiah,"Rp. di dermaga, loa 150 > 250",2030-12-31 23:59,1700,1,135,,PNK01,LOA 150 > 250,BERLIAN BARAT,REGIONAL 3 TANJUNG PERAK,2024-01-01 00:00,TARIF AKTIF,Asia/Jakarta,438,1,110,
1,575000,17,2024-01-16 11:49,Rupiah,"Rp. di dermaga, loa 150 > 250",2030-12-31 23:59,1701,1,136,,PNK01,LOA 150 > 250,BERLIAN TIMUR / BEACHING,REGIONAL 3 TANJUNG PERAK,2024-01-01 00:00,TARIF AKTIF,Asia/Jakarta,438,1,110,
1,575000,17,2024-01-16 11:49,Rupiah,"Rp. di dermaga, loa 150 > 250",2030-12-31 23:59,1702,1,137,,PNK01,LOA 150 > 250,KADE INTAN,REGIONAL 3 TANJUNG PERAK,2024-01-01 00:00,TARIF AKTIF,Asia/Jakarta,438,1,110,
1,575000,17,2024-01-16 11:49,Rupiah,"Rp. di dermaga, loa 150 > 250",2030-12-31 23:59,1703,1,138,,PNK01,LOA 150 > 250,NILAM TIMUR,REGIONAL 3 TANJUNG PERAK,2024-01-01 00:00,TARIF AKTIF,Asia/Jakarta,438,1,110,
1,575000,17,2024-01-16 11:49,Rupiah,"Rp. di dermaga, loa 150 > 250",2030-12-31 23:59,1704,1,139,,PNK01,LOA 150 > 250,PINDA ASEN,REGIONAL 3 TANJUNG PERAK,2024-01-01 00:00,TARIF AKTIF,Asia/Jakarta,438,1,110,
1,575000,17,2024-01-16 11:49,Rupiah,"Rp. di dermaga, loa 150 > 250",2030-12-31 23:59,1705,1,140,,PNK01,LOA 150 > 250,TAMBATAN KALIMAS,REGIONAL 3 TANJUNG PERAK,2024-01-01 00:00,TARIF AKTIF,Asia/Jakarta,438,1,110,
1,575000,17,2024-01-16 11:49,Rupiah,"Rp. di dermaga, loa 150 > 250",2030-12-31 23:59,1706,1,141,,PNK01,LOA 150 > 250,ICT NUSANTARA,REGIONAL 3 TANJUNG PERAK,2024-01-01 00:00,TARIF AKTIF,Asia/Jakarta,438,1,110,
1,575000,17,2024-01-16 11:49,Rupiah,"Rp. di dermaga, loa 150 > 250",2030-12-31 23:59,1693,1,142,,PNK01,LOA 150 > 250,TELUK LAMONG - PETIKEMAS DOMESTIK,REGIONAL 3 TANJUNG PERAK,2024-01-01 00:00,TARIF AKTIF,Asia/Jakarta,438,1,110,
1,400000,17,2024-01-16 11:28,Rupiah,"Rp. di dermaga, loa <= 70",2030-12-31 23:59,2445,1,143,BA MOORING UNMOORING TANJUNG PERAK,PNK01,LOA <= 70,DERMAGA BERLIAN,REGIONAL 3 TANJUNG PERAK,2024-01-01 00:00,TARIF AKTIF,Asia/Jakarta,438,1,110,BA Mooring Unmooring dengan DPC INSA.pdf.1735787050550
1,950000,17,2024-01-16 11:28,Dollar,"US$. di dermaga, loa <= 70",2030-12-31 23:59,1685,2,144,BA MOORING UNMOORING TANJUNG PERAK,PNK01,LOA <= 70,KALI PERAK/NILAM BARAT,REGIONAL 3 TANJUNG PERAK,2024-01-01 00:00,TARIF AKTIF,Asia/Jakarta,438,1,110,BA Mooring Unmooring dengan DPC INSA.pdf.1735787610499
1,400000,17,2024-01-16 11:28,Rupiah,"Rp. di dermaga, loa <= 70",2030-12-31 23:59,1663,1,145,BA MOORING UNMOORING TANJUNG PERAK,PNK01,LOA <= 70,MIRAH SELATAN,REGIONAL 3 TANJUNG PERAK,2024-01-01 00:00,TARIF AKTIF,Asia/Jakarta,438,1,110,BA Mooring Unmooring dengan DPC INSA.pdf.1735788028315
1,950000,17,2024-01-16 11:28,Dollar,"US$. di dermaga, loa <= 70",2030-12-31 23:59,1686,2,146,BA MOORING UNMOORING TANJUNG PERAK,PNK01,LOA <= 70,MIRAH SELATAN,REGIONAL 3 TANJUNG PERAK,2024-01-01 00:00,TARIF AKTIF,Asia/Jakarta,438,1,110,BA Mooring Unmooring dengan DPC INSA.pdf.1735787879641
1,400000,17,2024-01-16 11:28,Rupiah,"Rp. di dermaga, loa <= 70",2030-12-31 23:59,1664,1,147,BA MOORING UNMOORING TANJUNG PERAK,PNK01,LOA <= 70,LAMONG CURAH KERING,REGIONAL 3 TANJUNG PERAK,2024-01-01 00:00,TARIF AKTIF,Asia/Jakarta,438,1,110,BA Mooring Unmooring dengan DPC INSA.pdf.1735787863276
1,950000,17,2024-01-16 11:28,Dollar,"US$. di dermaga, loa <= 70",2030-12-31 23:59,1687,2,148,BA MOORING UNMOORING TANJUNG PERAK,PNK01,LOA <= 70,LAMONG CURAH KERING,REGIONAL 3 TANJUNG PERAK,2024-01-01 00:00,TARIF AKTIF,Asia/Jakarta,438,1,110,BA Mooring Unmooring dengan DPC INSA.pdf.1735787847725
1,400000,17,2024-01-16 11:28,Rupiah,"Rp. di dermaga, loa <= 70",2030-12-31 23:59,1665,1,149,BA MOORING UNMOORING TANJUNG PERAK,PNK01,LOA <= 70,KALIMAS-DERMAGA KM,REGIONAL 3 TANJUNG PERAK,2024-01-01 00:00,TARIF AKTIF,Asia/Jakarta,438,1,110,BA Mooring Unmooring dengan DPC INSA.pdf.1735786387983
1,950000,17,2024-01-16 11:28,Dollar,"US$. di dermaga, loa <= 70",2030-12-31 23:59,1688,2,150,BA MOORING UNMOORING TANJUNG PERAK,PNK01,LOA <= 70,KALIMAS-DERMAGA KM,REGIONAL 3 TANJUNG PERAK,2024-01-01 00:00,TARIF AKTIF,Asia/Jakarta,438,1,110,BA Mooring Unmooring dengan DPC INSA.pdf.1735786252086
1,400000,17,2024-01-16 11:28,Rupiah,"Rp. di dermaga, loa <= 70",2030-12-31 23:59,1666,1,151,BA MOORING UNMOORING TANJUNG PERAK,PNK01,LOA <= 70,KALIMAS-DERMAGA KLM,REGIONAL 3 TANJUNG PERAK,2024-01-01 00:00,TARIF AKTIF,Asia/Jakarta,438,1,110,BA Mooring Unmooring dengan DPC INSA.pdf.1735787832946
1,950000,17,2024-01-16 11:28,Dollar,"US$. di dermaga, loa <= 70",2030-12-31 23:59,1689,2,152,BA MOORING UNMOORING TANJUNG PERAK,PNK01,LOA <= 70,KALIMAS-DERMAGA KLM,REGIONAL 3 TANJUNG PERAK,2024-01-01 00:00,TARIF AKTIF,Asia/Jakarta,438,1,110,BA Mooring Unmooring dengan DPC INSA.pdf.1735787812108
1,400000,17,2024-01-16 11:28,Rupiah,"Rp. di dermaga, loa <= 70",2030-12-31 23:59,1667,1,153,BA MOORING UNMOORING TANJUNG PERAK,PNK01,LOA <= 70,NILAM UTARA,REGIONAL 3 TANJUNG PERAK,2024-01-01 00:00,TARIF AKTIF,Asia/Jakarta,438,1,110,BA Mooring Unmooring dengan DPC INSA.pdf.1735786820661
1,950000,17,2024-01-16 11:28,Dollar,"US$. di dermaga, loa <= 70",2030-12-31 23:59,1690,2,154,BA MOORING UNMOORING TANJUNG PERAK,PNK01,LOA <= 70,NILAM UTARA,REGIONAL 3 TANJUNG PERAK,2024-01-01 00:00,TARIF AKTIF,Asia/Jakarta,438,1,110,BA Mooring Unmooring dengan DPC INSA.pdf.1735786784036
1,950000,17,2024-01-16 11:28,Dollar,"US$. di dermaga, loa <= 70",2030-12-31 23:59,1691,2,155,BA MOORING UNMOORING TANJUNG PERAK,PNK01,LOA <= 70,KADE BENOA,REGIONAL 3 TANJUNG PERAK,2024-01-01 00:00,TARIF AKTIF,Asia/Jakarta,438,1,110,BA Mooring Unmooring dengan DPC INSA.pdf.1735786838267
1,400000,17,2024-01-16 11:28,Rupiah,"Rp. di dermaga, loa <= 70",2030-12-31 23:59,1668,1,156,BA MOORING UNMOORING TANJUNG PERAK,PNK01,LOA <= 70,KADE BENOA,REGIONAL 3 TANJUNG PERAK,2024-01-01 00:00,TARIF AKTIF,Asia/Jakarta,438,1,110,BA Mooring Unmooring dengan DPC INSA.pdf.1735786856039
1,400000,17,2024-01-16 11:28,Rupiah,"Rp. di dermaga, loa <= 70",2030-12-31 23:59,1669,1,157,BA MOORING UNMOORING TANJUNG PERAK,PNK01,LOA <= 70,MIRAH TIMUR,REGIONAL 3 TANJUNG PERAK,2024-01-01 00:00,TARIF AKTIF,Asia/Jakarta,438,1,110,BA Mooring Unmooring dengan DPC INSA.pdf.1735787797851
1,950000,17,2024-01-16 11:28,Dollar,"Rp. di dermaga, loa 70 > 150",2030-12-31 23:59,2088,2,158,BA MOORING UNMOORING TANJUNG PERAK,PNK01,LOA 70 > 150,MIRAH TIMUR,REGIONAL 3 TANJUNG PERAK,2024-01-01 00:00,TARIF AKTIF,Asia/Jakarta,438,1,110,BA Mooring Unmooring dengan DPC INSA.pdf.1735787774924
1,800000,17,2024-01-16 11:28,Dollar,"Rp. di dermaga, loa <= 70",2030-12-31 23:59,2087,2,159,BA MOORING UNMOORING TANJUNG PERAK,PNK01,LOA <= 70,MIRAH TIMUR,REGIONAL 3 TANJUNG PERAK,2024-01-01 00:00,TARIF AKTIF,Asia/Jakarta,438,1,110,BA Mooring Unmooring dengan DPC INSA.pdf.1735787758775
1,1150000,17,2024-01-16 11:28,Dollar,"Rp. di dermaga, loa 150 > 250",2030-12-31 23:59,2089,2,160,BA MOORING UNMOORING TANJUNG PERAK,PNK01,LOA 150 > 250,MIRAH TIMUR,REGIONAL 3 TANJUNG PERAK,2024-01-01 00:00,TARIF AKTIF,Asia/Jakarta,438,1,110,BA Mooring Unmooring dengan DPC INSA.pdf.1735787731403
1,1350000,17,2024-01-16 11:28,Dollar,"Rp. di dermaga, loa => 250",2030-12-31 23:59,2090,2,161,BA MOORING UNMOORING TANJUNG PERAK,PNK01,LOA >= 250,MIRAH TIMUR,REGIONAL 3 TANJUNG PERAK,2024-01-01 00:00,TARIF AKTIF,Asia/Jakarta,438,1,110,BA Mooring Unmooring dengan DPC INSA.pdf.1735787716364
1,950000,17,2024-01-16 11:28,Dollar,"US$. di dermaga, loa <= 70",2030-12-31 23:59,2442,2,162,BA MOORING UNMOORING TANJUNG PERAK,PNK01,LOA <= 70,DERMAGA BERLIAN,REGIONAL 3 TANJUNG PERAK,2024-01-01 00:00,TARIF AKTIF,Asia/Jakarta,438,1,110,BA Mooring Unmooring dengan DPC INSA.pdf.1735787034625
1,950000,17,2024-01-16 11:28,Dollar,"US$. di dermaga, loa <= 70",2030-12-31 23:59,1678,2,163,BA MOORING UNMOORING TANJUNG PERAK,PNK01,LOA <= 70,BERLIAN BARAT,REGIONAL 3 TANJUNG PERAK,2024-01-01 00:00,TARIF AKTIF,Asia/Jakarta,438,1,110,BA Mooring Unmooring dengan DPC INSA.pdf.1735786618440
1,400000,17,2024-01-16 11:28,Rupiah,"Rp. di dermaga, loa <= 70",2030-12-31 23:59,1655,1,164,BA MOORING UNMOORING TANJUNG PERAK,PNK01,LOA <= 70,BERLIAN BARAT,REGIONAL 3 TANJUNG PERAK,2024-01-01 00:00,TARIF AKTIF,Asia/Jakarta,438,1,110,BA Mooring Unmooring dengan DPC INSA.pdf.1735786642181
1,950000,17,2024-01-16 11:28,Dollar,"US$. di dermaga, loa <= 70",2030-12-31 23:59,1679,2,165,BA MOORING UNMOORING TANJUNG PERAK,PNK01,LOA <= 70,BERLIAN TIMUR / BEACHING,REGIONAL 3 TANJUNG PERAK,2024-01-01 00:00,TARIF AKTIF,Asia/Jakarta,438,1,110,BA Mooring Unmooring dengan DPC INSA.pdf.1735786579141
1,400000,17,2024-01-16 11:28,Rupiah,"Rp. di dermaga, loa <= 70",2030-12-31 23:59,1656,1,166,BA MOORING UNMOORING TANJUNG PERAK,PNK01,LOA <= 70,BERLIAN TIMUR / BEACHING,REGIONAL 3 TANJUNG PERAK,2024-01-01 00:00,TARIF AKTIF,Asia/Jakarta,438,1,110,BA Mooring Unmooring dengan DPC INSA.pdf.1735786595856
1,400000,17,2024-01-16 11:28,Rupiah,"Rp. di dermaga, loa <= 70",2030-12-31 23:59,1657,1,167,BA MOORING UNMOORING TANJUNG PERAK,PNK01,LOA <= 70,KADE INTAN,REGIONAL 3 TANJUNG PERAK,2024-01-01 00:00,TARIF AKTIF,Asia/Jakarta,438,1,110,BA Mooring Unmooring dengan DPC INSA.pdf.1735786560933
1,950000,17,2024-01-16 11:28,Dollar,"US$. di dermaga, loa <= 70",2030-12-31 23:59,1680,2,168,BA MOORING UNMOORING TANJUNG PERAK,PNK01,LOA <= 70,KADE INTAN,REGIONAL 3 TANJUNG PERAK,2024-01-01 00:00,TARIF AKTIF,Asia/Jakarta,438,1,110,BA Mooring Unmooring dengan DPC INSA.pdf.1735786543246
1,400000,17,2024-01-16 11:28,Rupiah,"Rp. di dermaga, loa <= 70",2030-12-31 23:59,1658,1,169,BA MOORING UNMOORING TANJUNG PERAK,PNK01,LOA <= 70,NILAM TIMUR,REGIONAL 3 TANJUNG PERAK,2024-01-01 00:00,TARIF AKTIF,Asia/Jakarta,438,1,110,BA Mooring Unmooring dengan DPC INSA.pdf.1735786500898
1,950000,17,2024-01-16 11:28,Dollar,"US$. di dermaga, loa <= 70",2030-12-31 23:59,1681,2,170,BA MOORING UNMOORING TANJUNG PERAK,PNK01,LOA <= 70,NILAM TIMUR,REGIONAL 3 TANJUNG PERAK,2024-01-01 00:00,TARIF AKTIF,Asia/Jakarta,438,1,110,BA Mooring Unmooring dengan DPC INSA.pdf.1735786411561
1,400000,17,2024-01-16 11:28,Rupiah,"Rp. di dermaga, loa <= 70",2030-12-31 23:59,1659,1,171,,PNK01,LOA <= 70,PINDA ASEN,REGIONAL 3 TANJUNG PERAK,2024-01-01 00:00,TARIF AKTIF,Asia/Jakarta,438,1,110,
1,950000,17,2024-01-16 11:28,Dollar,"US$. di dermaga, loa <= 70",2030-12-31 23:59,1682,2,172,,PNK01,LOA <= 70,PINDA ASEN,REGIONAL 3 TANJUNG PERAK,2024-01-01 00:00,TARIF AKTIF,Asia/Jakarta,438,1,110,
1,400000,17,2024-01-16 11:28,Rupiah,"Rp. di dermaga, loa <= 70",2030-12-31 23:59,1660,1,173,BA MOORING UNMOORING TANJUNG PERAK,PNK01,LOA <= 70,TAMBATAN KALIMAS,REGIONAL 3 TANJUNG PERAK,2024-01-01 00:00,TARIF AKTIF,Asia/Jakarta,438,1,110,BA Mooring Unmooring dengan DPC INSA.pdf.1735787701229
1,950000,17,2024-01-16 11:28,Dollar,"US$. di dermaga, loa <= 70",2030-12-31 23:59,1683,2,174,BA MOORING UNMOORING TANJUNG PERAK,PNK01,LOA <= 70,TAMBATAN KALIMAS,REGIONAL 3 TANJUNG PERAK,2024-01-01 00:00,TARIF AKTIF,Asia/Jakarta,438,1,110,BA Mooring Unmooring dengan DPC INSA.pdf.1735787673747
1,400000,17,2024-01-16 11:28,Rupiah,"Rp. di dermaga, loa <= 70",2030-12-31 23:59,1661,1,175,BA MOORING UNMOORING TANJUNG PERAK,PNK01,LOA <= 70,ICT NUSANTARA,REGIONAL 3 TANJUNG PERAK,2024-01-01 00:00,TARIF AKTIF,Asia/Jakarta,438,1,110,BA Mooring Unmooring dengan DPC INSA.pdf.1735787660245
1,950000,17,2024-01-16 11:28,Dollar,"US$. di dermaga, loa <= 70",2030-12-31 23:59,1684,2,176,BA MOORING UNMOORING TANJUNG PERAK,PNK01,LOA <= 70,ICT NUSANTARA,REGIONAL 3 TANJUNG PERAK,2024-01-01 00:00,TARIF AKTIF,Asia/Jakarta,438,1,110,BA Mooring Unmooring dengan DPC INSA.pdf.1735787646203
1,400000,17,2024-01-16 11:28,Rupiah,"Rp. di dermaga, loa <= 70",2030-12-31 23:59,1662,1,177,BA MOORING UNMOORING TANJUNG PERAK,PNK01,LOA <= 70,KALI PERAK/NILAM BARAT,REGIONAL 3 TANJUNG PERAK,2024-01-01 00:00,TARIF AKTIF,Asia/Jakarta,438,1,110,BA Mooring Unmooring dengan DPC INSA.pdf.1735787629566
1,950000,17,2024-01-16 11:28,Dollar,"US$. di dermaga, loa <= 70",2030-12-31 23:59,1670,2,178,BA MOORING UNMOORING TANJUNG PERAK,PNK01,LOA <= 70,LAMONG OCEAN GOING,REGIONAL 3 TANJUNG PERAK,2024-01-01 00:00,TARIF AKTIF,Asia/Jakarta,438,1,110,BA Mooring Unmooring dengan DPC INSA.pdf.1735787080998
1,400000,17,2024-01-16 11:28,Rupiah,"Rp. di dermaga, loa <= 70",2030-12-31 23:59,1647,1,179,BA MOORING UNMOORING TANJUNG PERAK,PNK01,LOA <= 70,LAMONG OCEAN GOING,REGIONAL 3 TANJUNG PERAK,2024-01-01 00:00,TARIF AKTIF,Asia/Jakarta,438,1,110,BA Mooring Unmooring dengan DPC INSA.pdf.1735787585283
1,400000,17,2024-01-16 11:28,Rupiah,"Rp. di dermaga, loa <= 70",2030-12-31 23:59,1648,1,180,,PNK01,LOA <= 70,TELUK LAMONG - PETIKEMAS DOMESTIK,REGIONAL 3 TANJUNG PERAK,2024-01-01 00:00,TARIF AKTIF,Asia/Jakarta,438,1,110,
1,950000,17,2024-01-16 11:28,Dollar,"US$. di dermaga, loa <= 70",2030-12-31 23:59,1671,2,181,,PNK01,LOA <= 70,TELUK LAMONG - PETIKEMAS DOMESTIK,REGIONAL 3 TANJUNG PERAK,2024-01-01 00:00,TARIF AKTIF,Asia/Jakarta,438,1,110,
1,950000,17,2024-01-16 11:28,Dollar,"US$. di dermaga, loa <= 70",2030-12-31 23:59,1672,2,182,BA MOORING UNMOORING TANJUNG PERAK,PNK01,LOA <= 70,BERLIAN UTARA,REGIONAL 3 TANJUNG PERAK,2024-01-01 00:00,TARIF AKTIF,Asia/Jakarta,438,1,110,BA Mooring Unmooring dengan DPC INSA.pdf.1735787034625
1,400000,17,2024-01-16 11:28,Rupiah,"Rp. di dermaga, loa <= 70",2030-12-31 23:59,1649,1,183,BA MOORING UNMOORING TANJUNG PERAK,PNK01,LOA <= 70,BERLIAN UTARA,REGIONAL 3 TANJUNG PERAK,2024-01-01 00:00,TARIF AKTIF,Asia/Jakarta,438,1,110,BA Mooring Unmooring dengan DPC INSA.pdf.1735787050550
1,400000,17,2024-01-16 11:28,Rupiah,"Rp. di dermaga, loa <= 70",2030-12-31 23:59,1650,1,184,BA MOORING UNMOORING TANJUNG PERAK,PNK01,LOA <= 70,JAMRUD UTARA,REGIONAL 3 TANJUNG PERAK,2024-01-01 00:00,TARIF AKTIF,Asia/Jakarta,438,1,110,BA Mooring Unmooring dengan DPC INSA.pdf.1735786215659
1,800000,17,2024-01-16 11:28,Dollar,"US$. di dermaga, loa <= 70",2030-12-31 23:59,1673,2,185,,PNK01,LOA <= 70,JAMRUD UTARA,REGIONAL 3 TANJUNG PERAK,2024-01-01 00:00,TARIF AKTIF,Asia/Jakarta,438,1,110,
1,950000,17,2024-01-16 11:28,Dollar,"US$. di dermaga, loa <= 70",2030-12-31 23:59,1674,2,186,BA MOORING UNMOORING TANJUNG PERAK,PNK01,LOA <= 70,JAMRUD SELATAN,REGIONAL 3 TANJUNG PERAK,2024-01-01 00:00,TARIF AKTIF,Asia/Jakarta,438,1,110,BA Mooring Unmooring dengan DPC INSA.pdf.1735786998896
1,400000,17,2024-01-16 11:28,Rupiah,"Rp. di dermaga, loa <= 70",2030-12-31 23:59,1651,1,187,BA MOORING UNMOORING TANJUNG PERAK,PNK01,LOA <= 70,JAMRUD SELATAN,REGIONAL 3 TANJUNG PERAK,2024-01-01 00:00,TARIF AKTIF,Asia/Jakarta,438,1,110,BA Mooring Unmooring dengan DPC INSA.pdf.1735787018185
1,400000,17,2024-01-16 11:28,Rupiah,"Rp. di dermaga, loa <= 70",2030-12-31 23:59,1652,1,188,BA MOORING UNMOORING TANJUNG PERAK,PNK01,LOA <= 70,JAMRUD BARAT,REGIONAL 3 TANJUNG PERAK,2024-01-01 00:00,TARIF AKTIF,Asia/Jakarta,438,1,110,BA Mooring Unmooring dengan DPC INSA.pdf.1735786763367
1,950000,17,2024-01-16 11:28,Dollar,"US$. di dermaga, loa <= 70",2030-12-31 23:59,1675,2,189,BA MOORING UNMOORING TANJUNG PERAK,PNK01,LOA <= 70,JAMRUD BARAT,REGIONAL 3 TANJUNG PERAK,2024-01-01 00:00,TARIF AKTIF,Asia/Jakarta,438,1,110,BA Mooring Unmooring dengan DPC INSA.pdf.1735786743074
1,400000,17,2024-01-16 11:28,Rupiah,"Rp. di dermaga, loa 70 > 150",2030-12-31 23:59,1653,1,190,BA MOORING UNMOORING TANJUNG PERAK,PNK01,LOA <= 70,KADE PERAK,REGIONAL 3 TANJUNG PERAK,2024-01-01 00:00,TARIF AKTIF,Asia/Jakarta,438,1,110,BA Mooring Unmooring dengan DPC INSA.pdf.1735786719624
1,950000,17,2024-01-16 11:28,Dollar,"US$. di dermaga, loa <= 70",2030-12-31 23:59,1676,2,191,BA MOORING UNMOORING TANJUNG PERAK,PNK01,LOA <= 70,KADE PERAK,REGIONAL 3 TANJUNG PERAK,2024-01-01 00:00,TARIF AKTIF,Asia/Jakarta,438,1,110,BA Mooring Unmooring dengan DPC INSA.pdf.1735786698254
1,400000,17,2024-01-16 11:28,Rupiah,"Rp. di dermaga, loa <= 70",2030-12-31 23:59,1654,1,192,BA MOORING UNMOORING TANJUNG PERAK,PNK01,LOA <= 70,TPS/ICT OCEAN GOING,REGIONAL 3 TANJUNG PERAK,2024-01-01 00:00,TARIF AKTIF,Asia/Jakarta,438,1,110,BA Mooring Unmooring dengan DPC INSA.pdf.1735786682984
1,950000,17,2024-01-16 11:28,Dollar,"US$. di dermaga, loa <= 70",2030-12-31 23:59,1677,2,193,BA MOORING UNMOORING TANJUNG PERAK,PNK01,LOA <= 70,TPS/ICT OCEAN GOING,REGIONAL 3 TANJUNG PERAK,2024-01-01 00:00,TARIF AKTIF,Asia/Jakarta,438,1,110,BA Mooring Unmooring dengan DPC INSA.pdf.1735786662416
1,385000,17,2022-11-18 16:27,Rupiah,"Rp. di dermaga, loa <= 70",2023-12-31 23:59,274,1,194,,PNK01,LOA <= 70,LAMONG OCEAN GOING,REGIONAL 3 TANJUNG PERAK,2022-08-22 23:00,TARIF AKTIF,Asia/Jakarta,438,1,110,
1,425000,17,2022-11-18 16:27,Rupiah,"Rp. di dermaga, loa 70 > 150",2023-12-31 23:59,275,1,195,,PNK01,LOA 70 > 150,LAMONG OCEAN GOING,REGIONAL 3 TANJUNG PERAK,2022-08-22 23:00,TARIF AKTIF,Asia/Jakarta,438,1,110,
1,475000,17,2022-11-18 16:27,Rupiah,"Rp. di dermaga, loa 150 > 250",2023-12-31 23:59,276,1,196,,PNK01,LOA 150 > 250,LAMONG OCEAN GOING,REGIONAL 3 TANJUNG PERAK,2022-08-22 23:00,TARIF AKTIF,Asia/Jakarta,438,1,110,
1,670000,17,2022-11-18 16:27,Rupiah,"Rp. di dermaga, loa => 250",2023-12-13 23:59,277,1,197,,PNK01,LOA >= 250,LAMONG OCEAN GOING,REGIONAL 3 TANJUNG PERAK,2022-08-22 23:00,TARIF AKTIF,Asia/Jakarta,438,1,110,
1,616000,17,2022-11-18 16:27,Dollar,"US$. di dermaga, loa <= 70",2023-12-31 23:59,278,2,198,,PNK01,LOA <= 70,LAMONG OCEAN GOING,REGIONAL 3 TANJUNG PERAK,2022-08-22 23:00,TARIF AKTIF,Asia/Jakarta,438,1,110,
1,680000,17,2022-11-18 16:27,Dollar,"US$. di dermaga, loa 70 > 150",2023-12-31 23:59,279,2,199,,PNK01,LOA 70 > 150,LAMONG OCEAN GOING,REGIONAL 3 TANJUNG PERAK,2022-08-22 23:00,TARIF AKTIF,Asia/Jakarta,438,1,110,
1,760000,17,2022-11-18 16:27,Dollar,"US$. di dermaga, loa 150 > 250",2023-12-31 23:59,280,2,200,,PNK01,LOA 150 > 250,LAMONG OCEAN GOING,REGIONAL 3 TANJUNG PERAK,2022-08-22 23:00,TARIF AKTIF,Asia/Jakarta,438,1,110,
1,1072000,17,2022-11-18 16:27,Dollar,"US$. di dermaga, loa => 250",2023-12-31 23:59,281,2,201,,PNK01,LOA >= 250,LAMONG OCEAN GOING,REGIONAL 3 TANJUNG PERAK,2022-08-22 23:00,TARIF AKTIF,Asia/Jakarta,438,1,110,
1,385000,17,2022-11-18 16:27,Rupiah,"Rp. di dermaga, loa <= 70",2023-12-31 23:59,248,1,202,,PNK01,LOA <= 70,TELUK LAMONG - PETIKEMAS DOMESTIK,REGIONAL 3 TANJUNG PERAK,2022-08-22 23:00,TARIF AKTIF,Asia/Jakarta,438,1,110,
1,425000,17,2022-11-18 16:27,Rupiah,"Rp. di dermaga, loa 70 > 150",2023-12-31 23:59,249,1,203,,PNK01,LOA 70 > 150,TELUK LAMONG - PETIKEMAS DOMESTIK,REGIONAL 3 TANJUNG PERAK,2022-08-22 23:00,TARIF AKTIF,Asia/Jakarta,438,1,110,
1,475000,17,2022-11-18 16:27,Rupiah,"Rp. di dermaga, loa 150 > 250",2023-12-31 23:59,250,1,204,,PNK01,LOA 150 > 250,TELUK LAMONG - PETIKEMAS DOMESTIK,REGIONAL 3 TANJUNG PERAK,2022-08-22 23:00,TARIF AKTIF,Asia/Jakarta,438,1,110,
1,670000,17,2022-11-18 16:27,Rupiah,"Rp. di dermaga, loa => 250",2023-12-13 23:59,251,1,205,,PNK01,LOA >= 250,TELUK LAMONG - PETIKEMAS DOMESTIK,REGIONAL 3 TANJUNG PERAK,2022-08-22 23:00,TARIF AKTIF,Asia/Jakarta,438,1,110,
1,616000,17,2022-11-18 16:27,Dollar,"US$. di dermaga, loa <= 70",2023-12-31 23:59,252,2,206,,PNK01,LOA <= 70,TELUK LAMONG - PETIKEMAS DOMESTIK,REGIONAL 3 TANJUNG PERAK,2022-08-22 23:00,TARIF AKTIF,Asia/Jakarta,438,1,110,
1,680000,17,2022-11-18 16:27,Dollar,"US$. di dermaga, loa 70 > 150",2023-12-31 23:59,253,2,207,,PNK01,LOA 70 > 150,TELUK LAMONG - PETIKEMAS DOMESTIK,REGIONAL 3 TANJUNG PERAK,2022-08-22 23:00,TARIF AKTIF,Asia/Jakarta,438,1,110,
1,760000,17,2022-11-18 16:27,Dollar,"US$. di dermaga, loa 150 > 250",2023-12-31 23:59,254,2,208,,PNK01,LOA 150 > 250,TELUK LAMONG - PETIKEMAS DOMESTIK,REGIONAL 3 TANJUNG PERAK,2022-08-22 23:00,TARIF AKTIF,Asia/Jakarta,438,1,110,
1,1072000,17,2022-11-18 16:27,Dollar,"US$. di dermaga, loa => 250",2023-12-31 23:59,255,2,209,,PNK01,LOA >= 250,TELUK LAMONG - PETIKEMAS DOMESTIK,REGIONAL 3 TANJUNG PERAK,2022-08-22 23:00,TARIF AKTIF,Asia/Jakarta,438,1,110,
1,1072000,17,2022-11-18 16:27,Dollar,"US$. di dermaga, loa => 250",2023-12-31 23:59,227,2,210,,PNK01,LOA >= 250,BERLIAN UTARA,REGIONAL 3 TANJUNG PERAK,2022-08-22 23:00,TARIF AKTIF,Asia/Jakarta,438,1,110,
1,475000,17,2022-11-18 16:27,Rupiah,"Rp. di dermaga, loa 150 > 250",2023-12-31 23:59,147,1,211,,PNK01,LOA 150 > 250,BERLIAN UTARA,REGIONAL 3 TANJUNG PERAK,2022-08-22 23:00,TARIF AKTIF,Asia/Jakarta,438,1,110,
1,385000,17,2022-11-18 16:27,Rupiah,"Rp. di dermaga, loa <= 70",2023-12-31 23:59,155,1,212,,PNK01,LOA <= 70,BERLIAN UTARA,REGIONAL 3 TANJUNG PERAK,2022-08-22 23:00,TARIF AKTIF,Asia/Jakarta,438,1,110,
1,425000,17,2022-11-18 16:27,Rupiah,"Rp. di dermaga, loa 70 > 150",2023-12-31 23:59,167,1,213,,PNK01,LOA 70 > 150,BERLIAN UTARA,REGIONAL 3 TANJUNG PERAK,2022-08-22 23:00,TARIF AKTIF,Asia/Jakarta,438,1,110,
1,616000,17,2022-11-18 16:27,Dollar,"US$. di dermaga, loa <= 70",2023-12-31 23:59,179,2,214,,PNK01,LOA <= 70,BERLIAN UTARA,REGIONAL 3 TANJUNG PERAK,2022-08-22 23:00,TARIF AKTIF,Asia/Jakarta,438,1,110,
1,680000,17,2022-11-18 16:27,Dollar,"US$. di dermaga, loa 70 > 150",2023-12-31 23:59,188,2,215,,PNK01,LOA 70 > 150,BERLIAN UTARA,REGIONAL 3 TANJUNG PERAK,2022-08-22 23:00,TARIF AKTIF,Asia/Jakarta,438,1,110,
1,760000,17,2022-11-18 16:27,Dollar,"US$. di dermaga, loa 150 > 250",2023-12-31 23:59,199,2,216,,PNK01,LOA 150 > 250,BERLIAN UTARA,REGIONAL 3 TANJUNG PERAK,2022-08-22 23:00,TARIF AKTIF,Asia/Jakarta,438,1,110,
1,670000,17,2022-11-18 16:27,Rupiah,"Rp. di dermaga, loa => 250",2023-12-13 23:59,217,1,217,,PNK01,LOA >= 250,BERLIAN UTARA,REGIONAL 3 TANJUNG PERAK,2022-08-22 23:00,TARIF AKTIF,Asia/Jakarta,438,1,110,
1,475000,17,2022-11-18 16:27,Rupiah,"Rp. di dermaga, loa 150 > 250",2023-12-31 23:59,59,1,218,,PNK01,LOA 150 > 250,JAMRUD UTARA,REGIONAL 3 TANJUNG PERAK,2022-08-22 23:00,TARIF AKTIF,Asia/Jakarta,438,1,110,
1,1072000,17,2022-11-18 16:27,Dollar,"US$. di dermaga, loa => 250",2023-12-31 23:59,221,2,219,,PNK01,LOA >= 250,JAMRUD UTARA,REGIONAL 3 TANJUNG PERAK,2022-08-22 23:00,TARIF AKTIF,Asia/Jakarta,438,1,110,
1,385000,17,2022-11-18 16:27,Rupiah,"Rp. di dermaga, loa <= 70",2023-12-31 23:59,149,1,220,,PNK01,LOA <= 70,JAMRUD UTARA,REGIONAL 3 TANJUNG PERAK,2022-08-22 23:00,TARIF AKTIF,Asia/Jakarta,438,1,110,
1,425000,17,2022-11-18 16:27,Rupiah,"Rp. di dermaga, loa 70 > 150",2023-12-31 23:59,161,1,221,,PNK01,LOA 70 > 150,JAMRUD UTARA,REGIONAL 3 TANJUNG PERAK,2022-08-22 23:00,TARIF AKTIF,Asia/Jakarta,438,1,110,
1,616000,17,2022-11-18 16:27,Dollar,"US$. di dermaga, loa <= 70",2023-12-31 23:59,174,2,222,,PNK01,LOA <= 70,JAMRUD UTARA,REGIONAL 3 TANJUNG PERAK,2022-08-22 23:00,TARIF AKTIF,Asia/Jakarta,438,1,110,
1,680000,17,2022-11-18 16:27,Dollar,"US$. di dermaga, loa 70 > 150",2023-12-31 23:59,182,2,223,,PNK01,LOA 70 > 150,JAMRUD UTARA,REGIONAL 3 TANJUNG PERAK,2022-08-22 23:00,TARIF AKTIF,Asia/Jakarta,438,1,110,
1,760000,17,2022-11-18 16:27,Dollar,"US$. di dermaga, loa 150 > 250",2023-12-31 23:59,193,2,224,,PNK01,LOA 150 > 250,JAMRUD UTARA,REGIONAL 3 TANJUNG PERAK,2022-08-22 23:00,TARIF AKTIF,Asia/Jakarta,438,1,110,
1,670000,17,2022-11-18 16:27,Rupiah,"Rp. di dermaga, loa => 250",2023-12-31 23:59,211,1,225,,PNK01,LOA >= 250,JAMRUD UTARA,REGIONAL 3 TANJUNG PERAK,2022-08-22 23:00,TARIF AKTIF,Asia/Jakarta,438,1,110,
1,1072000,17,2022-11-18 16:27,Dollar,"US$. di dermaga, loa => 250",2023-12-31 23:59,222,2,226,,PNK01,LOA >= 250,JAMRUD SELATAN,REGIONAL 3 TANJUNG PERAK,2022-08-22 23:00,TARIF AKTIF,Asia/Jakarta,438,1,110,
1,475000,17,2022-11-18 16:27,Rupiah,"Rp. di dermaga, loa 150 > 250",2023-12-31 23:59,141,1,227,,PNK01,LOA 150 > 250,JAMRUD SELATAN,REGIONAL 3 TANJUNG PERAK,2022-08-22 23:00,TARIF AKTIF,Asia/Jakarta,438,1,110,
1,385000,17,2022-11-18 16:27,Rupiah,"Rp. di dermaga, loa <= 70",2023-12-31 23:59,150,1,228,,PNK01,LOA <= 70,JAMRUD SELATAN,REGIONAL 3 TANJUNG PERAK,2022-08-22 23:00,TARIF AKTIF,Asia/Jakarta,438,1,110,
1,425000,17,2022-11-18 16:27,Rupiah,"Rp. di dermaga, loa 70 > 150",2023-12-31 23:59,162,1,229,,PNK01,LOA 70 > 150,JAMRUD SELATAN,REGIONAL 3 TANJUNG PERAK,2022-08-22 23:00,TARIF AKTIF,Asia/Jakarta,438,1,110,
1,616000,17,2022-11-18 16:27,Dollar,"US$. di dermaga, loa <= 70",2023-12-31 23:59,175,2,230,,PNK01,LOA <= 70,JAMRUD SELATAN,REGIONAL 3 TANJUNG PERAK,2022-08-22 23:00,TARIF AKTIF,Asia/Jakarta,438,1,110,
1,680000,17,2022-11-18 16:27,Dollar,"US$. di dermaga, loa 70 > 150",2023-12-31 23:59,183,2,231,,PNK01,LOA 70 > 150,JAMRUD SELATAN,REGIONAL 3 TANJUNG PERAK,2022-08-22 23:00,TARIF AKTIF,Asia/Jakarta,438,1,110,
1,760000,17,2022-11-18 16:27,Dollar,"US$. di dermaga, loa 150 > 250",2023-12-31 23:59,194,2,232,,PNK01,LOA 150 > 250,JAMRUD SELATAN,REGIONAL 3 TANJUNG PERAK,2022-08-22 23:00,TARIF AKTIF,Asia/Jakarta,438,1,110,
1,670000,17,2022-11-18 16:27,Rupiah,"Rp. di dermaga, loa => 250",2023-12-13 23:59,212,1,233,,PNK01,LOA >= 250,JAMRUD SELATAN,REGIONAL 3 TANJUNG PERAK,2022-08-22 23:00,TARIF AKTIF,Asia/Jakarta,438,1,110,
1,1072000,17,2022-11-18 16:27,Dollar,"US$. di dermaga, loa => 250",2023-12-31 23:59,223,2,234,,PNK01,LOA >= 250,JAMRUD BARAT,REGIONAL 3 TANJUNG PERAK,2022-08-22 23:00,TARIF AKTIF,Asia/Jakarta,438,1,110,
1,475000,17,2022-11-18 16:27,Rupiah,"Rp. di dermaga, loa 150 > 250",2023-12-31 23:59,142,1,235,,PNK01,LOA 150 > 250,JAMRUD BARAT,REGIONAL 3 TANJUNG PERAK,2022-08-22 23:00,TARIF AKTIF,Asia/Jakarta,438,1,110,
1,385000,17,2022-11-18 16:27,Rupiah,"Rp. di dermaga, loa <= 70",2023-12-31 23:59,151,1,236,,PNK01,LOA <= 70,JAMRUD BARAT,REGIONAL 3 TANJUNG PERAK,2022-08-22 23:00,TARIF AKTIF,Asia/Jakarta,438,1,110,
1,425000,17,2022-11-18 16:27,Rupiah,"Rp. di dermaga, loa 70 > 150",2023-12-31 23:59,163,1,237,,PNK01,LOA 70 > 150,JAMRUD BARAT,REGIONAL 3 TANJUNG PERAK,2022-08-22 23:00,TARIF AKTIF,Asia/Jakarta,438,1,110,
1,616000,17,2022-11-18 16:27,Dollar,"US$. di dermaga, loa <= 70",2023-12-31 23:59,176,2,238,,PNK01,LOA <= 70,JAMRUD BARAT,REGIONAL 3 TANJUNG PERAK,2022-08-22 23:00,TARIF AKTIF,Asia/Jakarta,438,1,110,
1,680000,17,2022-11-18 16:27,Dollar,"US$. di dermaga, loa 70 > 150",2023-12-31 23:59,184,2,239,,PNK01,LOA 70 > 150,JAMRUD BARAT,REGIONAL 3 TANJUNG PERAK,2022-08-22 23:00,TARIF AKTIF,Asia/Jakarta,438,1,110,
1,760000,17,2022-11-18 16:27,Dollar,"US$. di dermaga, loa 150 > 250",2023-12-31 23:59,195,2,240,,PNK01,LOA 150 > 250,JAMRUD BARAT,REGIONAL 3 TANJUNG PERAK,2022-08-22 23:00,TARIF AKTIF,Asia/Jakarta,438,1,110,
1,670000,17,2022-11-18 16:27,Rupiah,"Rp. di dermaga, loa => 250",2023-12-13 23:59,213,1,241,,PNK01,LOA >= 250,JAMRUD BARAT,REGIONAL 3 TANJUNG PERAK,2022-08-22 23:00,TARIF AKTIF,Asia/Jakarta,438,1,110,
1,385000,17,2022-11-18 16:27,Rupiah,"Rp. di dermaga, loa 70 > 150",2023-12-31 23:59,260,1,242,,PNK01,LOA <= 70,KADE PERAK,REGIONAL 3 TANJUNG PERAK,2022-08-22 23:00,TARIF AKTIF,Asia/Jakarta,438,1,110,
1,670000,17,2022-11-18 16:27,Rupiah,"Rp. di dermaga, loa => 250",2023-12-31 23:59,261,1,243,,PNK01,LOA 150 > 250,KADE PERAK,REGIONAL 3 TANJUNG PERAK,2022-08-22 23:00,TARIF AKTIF,Asia/Jakarta,438,1,110,
1,616000,17,2022-11-18 16:27,Dollar,"US$. di dermaga, loa <= 70",2023-12-31 23:59,262,2,244,,PNK01,LOA <= 70,KADE PERAK,REGIONAL 3 TANJUNG PERAK,2022-08-22 23:00,TARIF AKTIF,Asia/Jakarta,438,1,110,
1,680000,17,2022-11-18 16:27,Dollar,"US$. di dermaga, loa 70 > 150",2023-12-31 23:59,263,2,245,,PNK01,LOA 70 > 150,KADE PERAK,REGIONAL 3 TANJUNG PERAK,2022-08-22 23:00,TARIF AKTIF,Asia/Jakarta,438,1,110,
1,760000,17,2022-11-18 16:27,Dollar,"US$. di dermaga, loa 150 > 250",2023-12-31 23:59,264,2,246,,PNK01,LOA 150 > 250,KADE PERAK,REGIONAL 3 TANJUNG PERAK,2022-08-22 23:00,TARIF AKTIF,Asia/Jakarta,438,1,110,
1,1072000,17,2022-11-18 16:27,Dollar,"US$. di dermaga, loa => 250",2023-12-31 23:59,265,2,247,,PNK01,LOA >= 250,KADE PERAK,REGIONAL 3 TANJUNG PERAK,2022-08-22 23:00,TARIF AKTIF,Asia/Jakarta,438,1,110,
1,425000,17,2022-11-18 16:27,Rupiah,"Rp. di dermaga, loa 70 > 150",2023-12-31 23:59,159,1,248,,PNK01,LOA 70 > 150,KADE PERAK,REGIONAL 3 TANJUNG PERAK,2022-08-22 23:00,TARIF AKTIF,Asia/Jakarta,438,1,110,
1,670000,17,2022-11-18 16:27,Rupiah,"Rp. di dermaga, loa => 250",2023-12-13 23:59,209,1,249,,PNK01,LOA >= 250,KADE PERAK,REGIONAL 3 TANJUNG PERAK,2022-08-22 23:00,TARIF AKTIF,Asia/Jakarta,438,1,110,
1,385000,17,2022-11-18 16:27,Rupiah,"Rp. di dermaga, loa <= 70",2023-12-31 23:59,282,1,250,,PNK01,LOA <= 70,TPS/ICT OCEAN GOING,REGIONAL 3 TANJUNG PERAK,2022-08-22 23:00,TARIF AKTIF,Asia/Jakarta,438,1,110,
1,425000,17,2022-11-18 16:27,Rupiah,"Rp. di dermaga, loa 70 > 150",2023-12-31 23:59,283,1,251,,PNK01,LOA 70 > 150,TPS/ICT OCEAN GOING,REGIONAL 3 TANJUNG PERAK,2022-08-22 23:00,TARIF AKTIF,Asia/Jakarta,438,1,110,
1,475000,17,2022-11-18 16:27,Rupiah,"Rp. di dermaga, loa 150 > 250",2023-12-31 23:59,284,1,252,,PNK01,LOA 150 > 250,TPS/ICT OCEAN GOING,REGIONAL 3 TANJUNG PERAK,2022-08-22 23:00,TARIF AKTIF,Asia/Jakarta,438,1,110,
1,670000,17,2022-11-18 16:27,Rupiah,"Rp. di dermaga, loa => 250",2023-12-13 23:59,285,1,253,,PNK01,LOA >= 250,TPS/ICT OCEAN GOING,REGIONAL 3 TANJUNG PERAK,2022-08-22 23:00,TARIF AKTIF,Asia/Jakarta,438,1,110,
1,616000,17,2022-11-18 16:27,Dollar,"US$. di dermaga, loa <= 70",2023-12-31 23:59,286,2,254,,PNK01,LOA <= 70,TPS/ICT OCEAN GOING,REGIONAL 3 TANJUNG PERAK,2022-08-22 23:00,TARIF AKTIF,Asia/Jakarta,438,1,110,
1,680000,17,2022-11-18 16:27,Dollar,"US$. di dermaga, loa 70 > 150",2023-12-31 23:59,287,2,255,,PNK01,LOA 70 > 150,TPS/ICT OCEAN GOING,REGIONAL 3 TANJUNG PERAK,2022-08-22 23:00,TARIF AKTIF,Asia/Jakarta,438,1,110,
1,760000,17,2022-11-18 16:27,Dollar,"US$. di dermaga, loa 150 > 250",2023-12-31 23:59,288,2,256,,PNK01,LOA 150 > 250,TPS/ICT OCEAN GOING,REGIONAL 3 TANJUNG PERAK,2022-08-22 23:00,TARIF AKTIF,Asia/Jakarta,438,1,110,
1,1072000,17,2022-11-18 16:27,Dollar,"US$. di dermaga, loa => 250",2023-12-31 23:59,289,2,257,,PNK01,LOA >= 250,TPS/ICT OCEAN GOING,REGIONAL 3 TANJUNG PERAK,2022-08-22 23:00,TARIF AKTIF,Asia/Jakarta,438,1,110,
1,1072000,17,2022-11-18 16:27,Dollar,"US$. di dermaga, loa => 250",2023-12-31 23:59,230,2,258,,PNK01,LOA >= 250,BERLIAN BARAT,REGIONAL 3 TANJUNG PERAK,2022-08-22 23:00,TARIF AKTIF,Asia/Jakarta,438,1,110,
1,385000,17,2022-11-18 16:27,Rupiah,"Rp. di dermaga, loa <= 70",2023-12-31 23:59,157,1,259,,PNK01,LOA <= 70,BERLIAN BARAT,REGIONAL 3 TANJUNG PERAK,2022-08-22 23:00,TARIF AKTIF,Asia/Jakarta,438,1,110,
1,425000,17,2022-11-18 16:27,Rupiah,"Rp. di dermaga, loa 70 > 150",2023-12-31 23:59,169,1,260,,PNK01,LOA 70 > 150,BERLIAN BARAT,REGIONAL 3 TANJUNG PERAK,2022-08-22 23:00,TARIF AKTIF,Asia/Jakarta,438,1,110,
1,475000,17,2022-11-18 16:27,Rupiah,"Rp. di dermaga, loa 150 > 250",2023-12-31 23:59,170,1,261,,PNK01,LOA 150 > 250,BERLIAN BARAT,REGIONAL 3 TANJUNG PERAK,2022-08-22 23:00,TARIF AKTIF,Asia/Jakarta,438,1,110,
1,616000,17,2022-11-18 16:27,Dollar,"US$. di dermaga, loa <= 70",2023-12-31 23:59,173,2,262,,PNK01,LOA <= 70,BERLIAN BARAT,REGIONAL 3 TANJUNG PERAK,2022-08-22 23:00,TARIF AKTIF,Asia/Jakarta,438,1,110,
1,680000,17,2022-11-18 16:27,Dollar,"US$. di dermaga, loa 70 > 150",2023-12-31 23:59,191,2,263,,PNK01,LOA 70 > 150,BERLIAN BARAT,REGIONAL 3 TANJUNG PERAK,2022-08-22 23:00,TARIF AKTIF,Asia/Jakarta,438,1,110,
1,760000,17,2022-11-18 16:27,Dollar,"US$. di dermaga, loa 150 > 250",2023-12-31 23:59,201,2,264,,PNK01,LOA 150 > 250,BERLIAN BARAT,REGIONAL 3 TANJUNG PERAK,2022-08-22 23:00,TARIF AKTIF,Asia/Jakarta,438,1,110,
1,670000,17,2022-11-18 16:27,Rupiah,"Rp. di dermaga, loa => 250",2023-12-13 23:59,219,1,265,,PNK01,LOA >= 250,BERLIAN BARAT,REGIONAL 3 TANJUNG PERAK,2022-08-22 23:00,TARIF AKTIF,Asia/Jakarta,438,1,110,
1,1072000,17,2022-11-18 16:27,Dollar,"US$. di dermaga, loa => 250",2023-12-31 23:59,228,2,266,,PNK01,LOA >= 250,BERLIAN TIMUR / BEACHING,REGIONAL 3 TANJUNG PERAK,2022-08-22 23:00,TARIF AKTIF,Asia/Jakarta,438,1,110,
1,385000,17,2022-11-18 16:27,Rupiah,"Rp. di dermaga, loa <= 70",2023-12-31 23:59,144,1,267,,PNK01,LOA <= 70,BERLIAN TIMUR / BEACHING,REGIONAL 3 TANJUNG PERAK,2022-08-22 23:00,TARIF AKTIF,Asia/Jakarta,438,1,110,
1,425000,17,2022-11-18 16:27,Rupiah,"Rp. di dermaga, loa 70 > 150",2023-12-31 23:59,168,1,268,,PNK01,LOA 70 > 150,BERLIAN TIMUR / BEACHING,REGIONAL 3 TANJUNG PERAK,2022-08-22 23:00,TARIF AKTIF,Asia/Jakarta,438,1,110,
1,475000,17,2022-11-18 16:27,Rupiah,"Rp. di dermaga, loa 150 > 250",2023-12-31 23:59,171,1,269,,PNK01,LOA 150 > 250,BERLIAN TIMUR / BEACHING,REGIONAL 3 TANJUNG PERAK,2022-08-22 23:00,TARIF AKTIF,Asia/Jakarta,438,1,110,
1,616000,17,2022-11-18 16:27,Dollar,"US$. di dermaga, loa <= 70",2023-12-31 23:59,172,2,270,,PNK01,LOA <= 70,BERLIAN TIMUR / BEACHING,REGIONAL 3 TANJUNG PERAK,2022-08-22 23:00,TARIF AKTIF,Asia/Jakarta,438,1,110,
1,680000,17,2022-11-18 16:27,Dollar,"US$. di dermaga, loa 70 > 150",2023-12-31 23:59,189,2,271,,PNK01,LOA 70 > 150,BERLIAN TIMUR / BEACHING,REGIONAL 3 TANJUNG PERAK,2022-08-22 23:00,TARIF AKTIF,Asia/Jakarta,438,1,110,
1,760000,17,2022-11-18 16:27,Dollar,"US$. di dermaga, loa 150 > 250",2023-12-31 23:59,200,2,272,,PNK01,LOA 150 > 250,BERLIAN TIMUR / BEACHING,REGIONAL 3 TANJUNG PERAK,2022-08-22 23:00,TARIF AKTIF,Asia/Jakarta,438,1,110,
1,670000,17,2022-11-18 16:27,Rupiah,"Rp. di dermaga, loa => 250",2023-12-13 23:59,210,1,273,,PNK01,LOA >= 250,BERLIAN TIMUR / BEACHING,REGIONAL 3 TANJUNG PERAK,2022-08-22 23:00,TARIF AKTIF,Asia/Jakarta,438,1,110,
1,670000,17,2022-11-18 16:27,Rupiah,"Rp. di dermaga, loa => 250",2023-12-13 23:59,232,1,274,,PNK01,LOA >= 250,KADE INTAN,REGIONAL 3 TANJUNG PERAK,2022-08-22 23:00,TARIF AKTIF,Asia/Jakarta,438,1,110,
1,1072000,17,2022-11-18 16:27,Dollar,"US$. di dermaga, loa => 250",2023-12-31 23:59,233,2,275,,PNK01,LOA >= 250,KADE INTAN,REGIONAL 3 TANJUNG PERAK,2022-08-22 23:00,TARIF AKTIF,Asia/Jakarta,438,1,110,
1,475000,17,2022-11-18 16:27,Rupiah,"Rp. di dermaga, loa 150 > 250",2023-12-31 23:59,234,1,276,,PNK01,LOA 150 > 250,KADE INTAN,REGIONAL 3 TANJUNG PERAK,2022-08-22 23:00,TARIF AKTIF,Asia/Jakarta,438,1,110,
1,385000,17,2022-11-18 16:27,Rupiah,"Rp. di dermaga, loa <= 70",2023-12-31 23:59,235,1,277,,PNK01,LOA <= 70,KADE INTAN,REGIONAL 3 TANJUNG PERAK,2022-08-22 23:00,TARIF AKTIF,Asia/Jakarta,438,1,110,
1,425000,17,2022-11-18 16:27,Rupiah,"Rp. di dermaga, loa 70 > 150",2023-12-31 23:59,236,1,278,,PNK01,LOA 70 > 150,KADE INTAN,REGIONAL 3 TANJUNG PERAK,2022-08-22 23:00,TARIF AKTIF,Asia/Jakarta,438,1,110,
1,616000,17,2022-11-18 16:27,Dollar,"US$. di dermaga, loa <= 70",2023-12-31 23:59,237,2,279,,PNK01,LOA <= 70,KADE INTAN,REGIONAL 3 TANJUNG PERAK,2022-08-22 23:00,TARIF AKTIF,Asia/Jakarta,438,1,110,
1,680000,17,2022-11-18 16:27,Dollar,"US$. di dermaga, loa 70 > 150",2023-12-31 23:59,238,2,280,,PNK01,LOA 70 > 150,KADE INTAN,REGIONAL 3 TANJUNG PERAK,2022-08-22 23:00,TARIF AKTIF,Asia/Jakarta,438,1,110,
1,760000,17,2022-11-18 16:27,Dollar,"US$. di dermaga, loa 150 > 250",2023-12-31 23:59,239,2,281,,PNK01,LOA 150 > 250,KADE INTAN,REGIONAL 3 TANJUNG PERAK,2022-08-22 23:00,TARIF AKTIF,Asia/Jakarta,438,1,110,
1,1072000,17,2022-11-18 16:27,Dollar,"US$. di dermaga, loa => 250",2023-12-31 23:59,224,2,282,,PNK01,LOA >= 250,NILAM TIMUR,REGIONAL 3 TANJUNG PERAK,2022-08-22 23:00,TARIF AKTIF,Asia/Jakarta,438,1,110,
1,475000,17,2022-11-18 16:27,Rupiah,"Rp. di dermaga, loa 150 > 250",2023-12-31 23:59,143,1,283,,PNK01,LOA 150 > 250,NILAM TIMUR,REGIONAL 3 TANJUNG PERAK,2022-08-22 23:00,TARIF AKTIF,Asia/Jakarta,438,1,110,
1,385000,17,2022-11-18 16:27,Rupiah,"Rp. di dermaga, loa <= 70",2023-12-31 23:59,152,1,284,,PNK01,LOA <= 70,NILAM TIMUR,REGIONAL 3 TANJUNG PERAK,2022-08-22 23:00,TARIF AKTIF,Asia/Jakarta,438,1,110,
1,425000,17,2022-11-18 16:27,Rupiah,"Rp. di dermaga, loa 70 > 150",2023-12-31 23:59,164,1,285,,PNK01,LOA 70 > 150,NILAM TIMUR,REGIONAL 3 TANJUNG PERAK,2022-08-22 23:00,TARIF AKTIF,Asia/Jakarta,438,1,110,
1,616000,17,2022-11-18 16:27,Dollar,"US$. di dermaga, loa <= 70",2023-12-31 23:59,177,2,286,,PNK01,LOA <= 70,NILAM TIMUR,REGIONAL 3 TANJUNG PERAK,2022-08-22 23:00,TARIF AKTIF,Asia/Jakarta,438,1,110,
1,680000,17,2022-11-18 16:27,Dollar,"US$. di dermaga, loa 70 > 150",2023-12-31 23:59,185,2,287,,PNK01,LOA 70 > 150,NILAM TIMUR,REGIONAL 3 TANJUNG PERAK,2022-08-22 23:00,TARIF AKTIF,Asia/Jakarta,438,1,110,
1,760000,17,2022-11-18 16:27,Dollar,"US$. di dermaga, loa 150 > 250",2023-12-31 23:59,196,2,288,,PNK01,LOA 150 > 250,NILAM TIMUR,REGIONAL 3 TANJUNG PERAK,2022-08-22 23:00,TARIF AKTIF,Asia/Jakarta,438,1,110,
1,670000,17,2022-11-18 16:27,Rupiah,"Rp. di dermaga, loa => 250",2023-12-13 23:59,214,1,289,,PNK01,LOA >= 250,NILAM TIMUR,REGIONAL 3 TANJUNG PERAK,2022-08-22 23:00,TARIF AKTIF,Asia/Jakarta,438,1,110,
1,385000,17,2022-11-18 16:27,Rupiah,"Rp. di dermaga, loa <= 70",2023-12-31 23:59,290,1,290,,PNK01,LOA <= 70,PINDA ASEN,REGIONAL 3 TANJUNG PERAK,2022-08-22 23:00,TARIF AKTIF,Asia/Jakarta,438,1,110,
1,425000,17,2022-11-18 16:27,Rupiah,"Rp. di dermaga, loa 70 > 150",2023-12-31 23:59,291,1,291,,PNK01,LOA 70 > 150,PINDA ASEN,REGIONAL 3 TANJUNG PERAK,2022-08-22 23:00,TARIF AKTIF,Asia/Jakarta,438,1,110,
1,475000,17,2022-11-18 16:27,Rupiah,"Rp. di dermaga, loa 150 > 250",2023-12-31 23:59,292,1,292,,PNK01,LOA 150 > 250,PINDA ASEN,REGIONAL 3 TANJUNG PERAK,2022-08-22 23:00,TARIF AKTIF,Asia/Jakarta,438,1,110,
1,670000,17,2022-11-18 16:27,Rupiah,"Rp. di dermaga, loa => 250",2023-12-13 23:59,293,1,293,,PNK01,LOA >= 250,PINDA ASEN,REGIONAL 3 TANJUNG PERAK,2022-08-22 23:00,TARIF AKTIF,Asia/Jakarta,438,1,110,
1,616000,17,2022-11-18 16:27,Dollar,"US$. di dermaga, loa <= 70",2023-12-31 23:59,294,2,294,,PNK01,LOA <= 70,PINDA ASEN,REGIONAL 3 TANJUNG PERAK,2022-08-22 23:00,TARIF AKTIF,Asia/Jakarta,438,1,110,
1,680000,17,2022-11-18 16:27,Dollar,"US$. di dermaga, loa 70 > 150",2023-12-31 23:59,295,2,295,,PNK01,LOA 70 > 150,PINDA ASEN,REGIONAL 3 TANJUNG PERAK,2022-08-22 23:00,TARIF AKTIF,Asia/Jakarta,438,1,110,
1,760000,17,2022-11-18 16:27,Dollar,"US$. di dermaga, loa 150 > 250",2023-12-31 23:59,296,2,296,,PNK01,LOA 150 > 250,PINDA ASEN,REGIONAL 3 TANJUNG PERAK,2022-08-22 23:00,TARIF AKTIF,Asia/Jakarta,438,1,110,
1,1072000,17,2022-11-18 16:27,Dollar,"US$. di dermaga, loa => 250",2023-12-31 23:59,297,2,297,,PNK01,LOA >= 250,PINDA ASEN,REGIONAL 3 TANJUNG PERAK,2022-08-22 23:00,TARIF AKTIF,Asia/Jakarta,438,1,110,
1,385000,17,2022-11-18 16:27,Rupiah,"Rp. di dermaga, loa <= 70",2023-12-31 23:59,298,1,298,,PNK01,LOA <= 70,TAMBATAN KALIMAS,REGIONAL 3 TANJUNG PERAK,2022-08-22 23:00,TARIF AKTIF,Asia/Jakarta,438,1,110,
1,425000,17,2022-11-18 16:27,Rupiah,"Rp. di dermaga, loa 70 > 150",2023-12-31 23:59,299,1,299,,PNK01,LOA 70 > 150,TAMBATAN KALIMAS,REGIONAL 3 TANJUNG PERAK,2022-08-22 23:00,TARIF AKTIF,Asia/Jakarta,438,1,110,
1,475000,17,2022-11-18 16:27,Rupiah,"Rp. di dermaga, loa 150 > 250",2023-12-31 23:59,300,1,300,,PNK01,LOA 150 > 250,TAMBATAN KALIMAS,REGIONAL 3 TANJUNG PERAK,2022-08-22 23:00,TARIF AKTIF,Asia/Jakarta,438,1,110,
1,670000,17,2022-11-18 16:27,Rupiah,"Rp. di dermaga, loa => 250",2023-12-13 23:59,301,1,301,,PNK01,LOA >= 250,TAMBATAN KALIMAS,REGIONAL 3 TANJUNG PERAK,2022-08-22 23:00,TARIF AKTIF,Asia/Jakarta,438,1,110,
1,616000,17,2022-11-18 16:27,Dollar,"US$. di dermaga, loa <= 70",2023-12-31 23:59,302,2,302,,PNK01,LOA <= 70,TAMBATAN KALIMAS,REGIONAL 3 TANJUNG PERAK,2022-08-22 23:00,TARIF AKTIF,Asia/Jakarta,438,1,110,
1,680000,17,2022-11-18 16:27,Dollar,"US$. di dermaga, loa 70 > 150",2023-12-31 23:59,303,2,303,,PNK01,LOA 70 > 150,TAMBATAN KALIMAS,REGIONAL 3 TANJUNG PERAK,2022-08-22 23:00,TARIF AKTIF,Asia/Jakarta,438,1,110,
1,760000,17,2022-11-18 16:27,Dollar,"US$. di dermaga, loa 150 > 250",2023-12-31 23:59,304,2,304,,PNK01,LOA 150 > 250,TAMBATAN KALIMAS,REGIONAL 3 TANJUNG PERAK,2022-08-22 23:00,TARIF AKTIF,Asia/Jakarta,438,1,110,
1,1072000,17,2022-11-18 16:27,Dollar,"US$. di dermaga, loa => 250",2023-12-31 23:59,305,2,305,,PNK01,LOA >= 250,TAMBATAN KALIMAS,REGIONAL 3 TANJUNG PERAK,2022-08-22 23:00,TARIF AKTIF,Asia/Jakarta,438,1,110,
1,385000,17,2022-11-18 16:27,Rupiah,"Rp. di dermaga, loa <= 70",2023-12-31 23:59,306,1,306,,PNK01,LOA <= 70,ICT NUSANTARA,REGIONAL 3 TANJUNG PERAK,2022-08-22 23:00,TARIF AKTIF,Asia/Jakarta,438,1,110,
1,425000,17,2022-11-18 16:27,Rupiah,"Rp. di dermaga, loa 70 > 150",2023-12-31 23:59,307,1,307,,PNK01,LOA 70 > 150,ICT NUSANTARA,REGIONAL 3 TANJUNG PERAK,2022-08-22 23:00,TARIF AKTIF,Asia/Jakarta,438,1,110,
1,475000,17,2022-11-18 16:27,Rupiah,"Rp. di dermaga, loa 150 > 250",2023-12-31 23:59,308,1,308,,PNK01,LOA 150 > 250,ICT NUSANTARA,REGIONAL 3 TANJUNG PERAK,2022-08-22 23:00,TARIF AKTIF,Asia/Jakarta,438,1,110,
1,670000,17,2022-11-18 16:27,Rupiah,"Rp. di dermaga, loa => 250",2023-12-13 23:59,309,1,309,,PNK01,LOA >= 250,ICT NUSANTARA,REGIONAL 3 TANJUNG PERAK,2022-08-22 23:00,TARIF AKTIF,Asia/Jakarta,438,1,110,
1,616000,17,2022-11-18 16:27,Dollar,"US$. di dermaga, loa <= 70",2023-12-31 23:59,310,2,310,,PNK01,LOA <= 70,ICT NUSANTARA,REGIONAL 3 TANJUNG PERAK,2022-08-22 23:00,TARIF AKTIF,Asia/Jakarta,438,1,110,
1,680000,17,2022-11-18 16:27,Dollar,"US$. di dermaga, loa 70 > 150",2023-12-31 23:59,311,2,311,,PNK01,LOA 70 > 150,ICT NUSANTARA,REGIONAL 3 TANJUNG PERAK,2022-08-22 23:00,TARIF AKTIF,Asia/Jakarta,438,1,110,
1,760000,17,2022-11-18 16:27,Dollar,"US$. di dermaga, loa 150 > 250",2023-12-31 23:59,312,2,312,,PNK01,LOA 150 > 250,ICT NUSANTARA,REGIONAL 3 TANJUNG PERAK,2022-08-22 23:00,TARIF AKTIF,Asia/Jakarta,438,1,110,
1,1072000,17,2022-11-18 16:27,Dollar,"US$. di dermaga, loa => 250",2023-12-31 23:59,313,2,313,,PNK01,LOA >= 250,ICT NUSANTARA,REGIONAL 3 TANJUNG PERAK,2022-08-22 23:00,TARIF AKTIF,Asia/Jakarta,438,1,110,
1,1072000,17,2022-11-18 16:27,Dollar,"US$. di dermaga, loa => 250",2023-12-31 23:59,226,2,314,,PNK01,LOA >= 250,KALI PERAK/NILAM BARAT,REGIONAL 3 TANJUNG PERAK,2022-08-22 23:00,TARIF AKTIF,Asia/Jakarta,438,1,110,
1,475000,17,2022-11-18 16:27,Rupiah,"Rp. di dermaga, loa 150 > 250",2023-12-31 23:59,146,1,315,,PNK01,LOA 150 > 250,KALI PERAK/NILAM BARAT,REGIONAL 3 TANJUNG PERAK,2022-08-22 23:00,TARIF AKTIF,Asia/Jakarta,438,1,110,
1,385000,17,2022-11-18 16:27,Rupiah,"Rp. di dermaga, loa <= 70",2023-12-31 23:59,154,1,316,,PNK01,LOA <= 70,KALI PERAK/NILAM BARAT,REGIONAL 3 TANJUNG PERAK,2022-08-22 23:00,TARIF AKTIF,Asia/Jakarta,438,1,110,
1,425000,17,2022-11-18 16:27,Rupiah,"Rp. di dermaga, loa 70 > 150",2023-12-31 23:59,166,1,317,,PNK01,LOA 70 > 150,KALI PERAK/NILAM BARAT,REGIONAL 3 TANJUNG PERAK,2022-08-22 23:00,TARIF AKTIF,Asia/Jakarta,438,1,110,
1,616000,17,2022-11-18 16:27,Dollar,"US$. di dermaga, loa <= 70",2023-12-31 23:59,180,2,318,,PNK01,LOA <= 70,KALI PERAK/NILAM BARAT,REGIONAL 3 TANJUNG PERAK,2022-08-22 23:00,TARIF AKTIF,Asia/Jakarta,438,1,110,
1,680000,17,2022-11-18 16:27,Dollar,"US$. di dermaga, loa 70 > 150",2023-12-31 23:59,187,2,319,,PNK01,LOA 70 > 150,KALI PERAK/NILAM BARAT,REGIONAL 3 TANJUNG PERAK,2022-08-22 23:00,TARIF AKTIF,Asia/Jakarta,438,1,110,
1,760000,17,2022-11-18 16:27,Dollar,"US$. di dermaga, loa 150 > 250",2023-12-31 23:59,198,2,320,,PNK01,LOA 150 > 250,KALI PERAK/NILAM BARAT,REGIONAL 3 TANJUNG PERAK,2022-08-22 23:00,TARIF AKTIF,Asia/Jakarta,438,1,110,
1,670000,17,2022-11-18 16:27,Rupiah,"Rp. di dermaga, loa => 250",2023-12-13 23:59,216,1,321,,PNK01,LOA >= 250,KALI PERAK/NILAM BARAT,REGIONAL 3 TANJUNG PERAK,2022-08-22 23:00,TARIF AKTIF,Asia/Jakarta,438,1,110,
1,670000,17,2022-11-18 16:27,Rupiah,"Rp. di dermaga, loa => 250",2023-12-13 23:59,266,1,322,,PNK01,LOA >= 250,MIRAH SELATAN,REGIONAL 3 TANJUNG PERAK,2022-08-22 23:00,TARIF AKTIF,Asia/Jakarta,438,1,110,
1,475000,17,2022-11-18 16:27,Rupiah,"Rp. di dermaga, loa 150 > 250",2023-12-31 23:59,267,1,323,,PNK01,LOA 150 > 250,MIRAH SELATAN,REGIONAL 3 TANJUNG PERAK,2022-08-22 23:00,TARIF AKTIF,Asia/Jakarta,438,1,110,
1,385000,17,2022-11-18 16:27,Rupiah,"Rp. di dermaga, loa <= 70",2023-12-31 23:59,268,1,324,,PNK01,LOA <= 70,MIRAH SELATAN,REGIONAL 3 TANJUNG PERAK,2022-08-22 23:00,TARIF AKTIF,Asia/Jakarta,438,1,110,
1,425000,17,2022-11-18 16:27,Rupiah,"Rp. di dermaga, loa 70 > 150",2023-12-31 23:59,269,1,325,,PNK01,LOA 70 > 150,MIRAH SELATAN,REGIONAL 3 TANJUNG PERAK,2022-08-22 23:00,TARIF AKTIF,Asia/Jakarta,438,1,110,
1,1072000,17,2022-11-18 16:27,Dollar,"US$. di dermaga, loa => 250",2023-12-31 23:59,270,2,326,,PNK01,LOA >= 250,MIRAH SELATAN,REGIONAL 3 TANJUNG PERAK,2022-08-22 23:00,TARIF AKTIF,Asia/Jakarta,438,1,110,
1,616000,17,2022-11-18 16:27,Dollar,"US$. di dermaga, loa <= 70",2023-12-31 23:59,271,2,327,,PNK01,LOA <= 70,MIRAH SELATAN,REGIONAL 3 TANJUNG PERAK,2022-08-22 23:00,TARIF AKTIF,Asia/Jakarta,438,1,110,
1,680000,17,2022-11-18 16:27,Dollar,"US$. di dermaga, loa 70 > 150",2023-12-31 23:59,272,2,328,,PNK01,LOA 70 > 150,MIRAH SELATAN,REGIONAL 3 TANJUNG PERAK,2022-08-22 23:00,TARIF AKTIF,Asia/Jakarta,438,1,110,
1,760000,17,2022-11-18 16:27,Dollar,"US$. di dermaga, loa 150 > 250",2023-12-31 23:59,273,2,329,,PNK01,LOA 150 > 250,MIRAH SELATAN,REGIONAL 3 TANJUNG PERAK,2022-08-22 23:00,TARIF AKTIF,Asia/Jakarta,438,1,110,
1,385000,17,2022-11-18 16:27,Rupiah,"Rp. di dermaga, loa <= 70",2023-12-31 23:59,314,1,330,,PNK01,LOA <= 70,LAMONG CURAH KERING,REGIONAL 3 TANJUNG PERAK,2022-08-22 23:00,TARIF AKTIF,Asia/Jakarta,438,1,110,
1,425000,17,2022-11-18 16:27,Rupiah,"Rp. di dermaga, loa 70 > 150",2023-12-31 23:59,315,1,331,,PNK01,LOA 70 > 150,LAMONG CURAH KERING,REGIONAL 3 TANJUNG PERAK,2022-08-22 23:00,TARIF AKTIF,Asia/Jakarta,438,1,110,
1,475000,17,2022-11-18 16:27,Rupiah,"Rp. di dermaga, loa 150 > 250",2023-12-31 23:59,316,1,332,,PNK01,LOA 150 > 250,LAMONG CURAH KERING,REGIONAL 3 TANJUNG PERAK,2022-08-22 23:00,TARIF AKTIF,Asia/Jakarta,438,1,110,
1,670000,17,2022-11-18 16:27,Rupiah,"Rp. di dermaga, loa => 250",2023-12-13 23:59,317,1,333,,PNK01,LOA >= 250,LAMONG CURAH KERING,REGIONAL 3 TANJUNG PERAK,2022-08-22 23:00,TARIF AKTIF,Asia/Jakarta,438,1,110,
1,616000,17,2022-11-18 16:27,Dollar,"US$. di dermaga, loa <= 70",2023-12-31 23:59,318,2,334,,PNK01,LOA <= 70,LAMONG CURAH KERING,REGIONAL 3 TANJUNG PERAK,2022-08-22 23:00,TARIF AKTIF,Asia/Jakarta,438,1,110,
1,680000,17,2022-11-18 16:27,Dollar,"US$. di dermaga, loa 70 > 150",2023-12-31 23:59,319,2,335,,PNK01,LOA 70 > 150,LAMONG CURAH KERING,REGIONAL 3 TANJUNG PERAK,2022-08-22 23:00,TARIF AKTIF,Asia/Jakarta,438,1,110,
1,760000,17,2022-11-18 16:27,Dollar,"US$. di dermaga, loa 150 > 250",2023-12-31 23:59,320,2,336,,PNK01,LOA 150 > 250,LAMONG CURAH KERING,REGIONAL 3 TANJUNG PERAK,2022-08-22 23:00,TARIF AKTIF,Asia/Jakarta,438,1,110,
1,1072000,17,2022-11-18 16:27,Dollar,"US$. di dermaga, loa => 250",2023-12-31 23:59,321,2,337,,PNK01,LOA >= 250,LAMONG CURAH KERING,REGIONAL 3 TANJUNG PERAK,2022-08-22 23:00,TARIF AKTIF,Asia/Jakarta,438,1,110,
1,385000,17,2022-11-18 16:27,Rupiah,"Rp. di dermaga, loa <= 70",2023-12-31 23:59,322,1,338,,PNK01,LOA <= 70,KALIMAS-DERMAGA KM,REGIONAL 3 TANJUNG PERAK,2022-08-22 23:00,TARIF AKTIF,Asia/Jakarta,438,1,110,
1,425000,17,2022-11-18 16:27,Rupiah,"Rp. di dermaga, loa 70 > 150",2023-12-31 23:59,323,1,339,,PNK01,LOA 70 > 150,KALIMAS-DERMAGA KM,REGIONAL 3 TANJUNG PERAK,2022-08-22 23:00,TARIF AKTIF,Asia/Jakarta,438,1,110,
1,475000,17,2022-11-18 16:27,Rupiah,"Rp. di dermaga, loa 150 > 250",2023-12-31 23:59,324,1,340,,PNK01,LOA 150 > 250,KALIMAS-DERMAGA KM,REGIONAL 3 TANJUNG PERAK,2022-08-22 23:00,TARIF AKTIF,Asia/Jakarta,438,1,110,
1,670000,17,2022-11-18 16:27,Rupiah,"Rp. di dermaga, loa => 250",2023-12-13 23:59,325,1,341,,PNK01,LOA >= 250,KALIMAS-DERMAGA KM,REGIONAL 3 TANJUNG PERAK,2022-08-22 23:00,TARIF AKTIF,Asia/Jakarta,438,1,110,
1,616000,17,2022-11-18 16:27,Dollar,"US$. di dermaga, loa <= 70",2023-12-31 23:59,326,2,342,,PNK01,LOA <= 70,KALIMAS-DERMAGA KM,REGIONAL 3 TANJUNG PERAK,2022-08-22 23:00,TARIF AKTIF,Asia/Jakarta,438,1,110,
1,680000,17,2022-11-18 16:27,Dollar,"US$. di dermaga, loa 70 > 150",2023-12-31 23:59,327,2,343,,PNK01,LOA 70 > 150,KALIMAS-DERMAGA KM,REGIONAL 3 TANJUNG PERAK,2022-08-22 23:00,TARIF AKTIF,Asia/Jakarta,438,1,110,
1,760000,17,2022-11-18 16:27,Dollar,"US$. di dermaga, loa 150 > 250",2023-12-31 23:59,328,2,344,,PNK01,LOA 150 > 250,KALIMAS-DERMAGA KM,REGIONAL 3 TANJUNG PERAK,2022-08-22 23:00,TARIF AKTIF,Asia/Jakarta,438,1,110,
1,1072000,17,2022-11-18 16:27,Dollar,"US$. di dermaga, loa => 250",2023-12-31 23:59,329,2,345,,PNK01,LOA >= 250,KALIMAS-DERMAGA KM,REGIONAL 3 TANJUNG PERAK,2022-08-22 23:00,TARIF AKTIF,Asia/Jakarta,438,1,110,
1,385000,17,2022-11-18 16:27,Rupiah,"Rp. di dermaga, loa <= 70",2023-12-31 23:59,330,1,346,,PNK01,LOA <= 70,KALIMAS-DERMAGA KLM,REGIONAL 3 TANJUNG PERAK,2022-08-22 23:00,TARIF AKTIF,Asia/Jakarta,438,1,110,
1,425000,17,2022-11-18 16:27,Rupiah,"Rp. di dermaga, loa 70 > 150",2023-12-31 23:59,331,1,347,,PNK01,LOA 70 > 150,KALIMAS-DERMAGA KLM,REGIONAL 3 TANJUNG PERAK,2022-08-22 23:00,TARIF AKTIF,Asia/Jakarta,438,1,110,
1,475000,17,2022-11-18 16:27,Rupiah,"Rp. di dermaga, loa 150 > 250",2023-12-31 23:59,332,1,348,,PNK01,LOA 150 > 250,KALIMAS-DERMAGA KLM,REGIONAL 3 TANJUNG PERAK,2022-08-22 23:00,TARIF AKTIF,Asia/Jakarta,438,1,110,
1,670000,17,2022-11-18 16:27,Rupiah,"Rp. di dermaga, loa => 250",2023-12-13 23:59,333,1,349,,PNK01,LOA >= 250,KALIMAS-DERMAGA KLM,REGIONAL 3 TANJUNG PERAK,2022-08-22 23:00,TARIF AKTIF,Asia/Jakarta,438,1,110,
1,616000,17,2022-11-18 16:27,Dollar,"US$. di dermaga, loa <= 70",2023-12-31 23:59,334,2,350,,PNK01,LOA <= 70,KALIMAS-DERMAGA KLM,REGIONAL 3 TANJUNG PERAK,2022-08-22 23:00,TARIF AKTIF,Asia/Jakarta,438,1,110,
1,680000,17,2022-11-18 16:27,Dollar,"US$. di dermaga, loa 70 > 150",2023-12-31 23:59,335,2,351,,PNK01,LOA 70 > 150,KALIMAS-DERMAGA KLM,REGIONAL 3 TANJUNG PERAK,2022-08-22 23:00,TARIF AKTIF,Asia/Jakarta,438,1,110,
1,760000,17,2022-11-18 16:27,Dollar,"US$. di dermaga, loa 150 > 250",2023-12-31 23:59,336,2,352,,PNK01,LOA 150 > 250,KALIMAS-DERMAGA KLM,REGIONAL 3 TANJUNG PERAK,2022-08-22 23:00,TARIF AKTIF,Asia/Jakarta,438,1,110,
1,1072000,17,2022-11-18 16:27,Dollar,"US$. di dermaga, loa => 250",2023-12-31 23:59,337,2,353,,PNK01,LOA >= 250,KALIMAS-DERMAGA KLM,REGIONAL 3 TANJUNG PERAK,2022-08-22 23:00,TARIF AKTIF,Asia/Jakarta,438,1,110,
1,1072000,17,2022-11-18 16:27,Dollar,"US$. di dermaga, loa => 250",2023-12-31 23:59,225,2,354,,PNK01,LOA >= 250,NILAM UTARA,REGIONAL 3 TANJUNG PERAK,2022-08-22 23:00,TARIF AKTIF,Asia/Jakarta,438,1,110,
1,475000,17,2022-11-18 16:27,Rupiah,"Rp. di dermaga, loa 150 > 250",2023-12-31 23:59,145,1,355,,PNK01,LOA 150 > 250,NILAM UTARA,REGIONAL 3 TANJUNG PERAK,2022-08-22 23:00,TARIF AKTIF,Asia/Jakarta,438,1,110,
1,385000,17,2022-11-18 16:27,Rupiah,"Rp. di dermaga, loa <= 70",2023-12-31 23:59,153,1,356,,PNK01,LOA <= 70,NILAM UTARA,REGIONAL 3 TANJUNG PERAK,2022-08-22 23:00,TARIF AKTIF,Asia/Jakarta,438,1,110,
1,425000,17,2022-11-18 16:27,Rupiah,"Rp. di dermaga, loa 70 > 150",2023-12-31 23:59,165,1,357,,PNK01,LOA 70 > 150,NILAM UTARA,REGIONAL 3 TANJUNG PERAK,2022-08-22 23:00,TARIF AKTIF,Asia/Jakarta,438,1,110,
1,616000,17,2022-11-18 16:27,Dollar,"US$. di dermaga, loa <= 70",2023-12-31 23:59,178,2,358,,PNK01,LOA <= 70,NILAM UTARA,REGIONAL 3 TANJUNG PERAK,2022-08-22 23:00,TARIF AKTIF,Asia/Jakarta,438,1,110,
1,680000,17,2022-11-18 16:27,Dollar,"US$. di dermaga, loa 70 > 150",2023-12-31 23:59,186,2,359,,PNK01,LOA 70 > 150,NILAM UTARA,REGIONAL 3 TANJUNG PERAK,2022-08-22 23:00,TARIF AKTIF,Asia/Jakarta,438,1,110,
1,760000,17,2022-11-18 16:27,Dollar,"US$. di dermaga, loa 150 > 250",2023-12-31 23:59,197,2,360,,PNK01,LOA 150 > 250,NILAM UTARA,REGIONAL 3 TANJUNG PERAK,2022-08-22 23:00,TARIF AKTIF,Asia/Jakarta,438,1,110,
1,670000,17,2022-11-18 16:27,Rupiah,"Rp. di dermaga, loa => 250",2023-12-13 23:59,215,1,361,,PNK01,LOA >= 250,NILAM UTARA,REGIONAL 3 TANJUNG PERAK,2022-08-22 23:00,TARIF AKTIF,Asia/Jakarta,438,1,110,
1,670000,17,2022-11-18 16:27,Rupiah,"Rp. di dermaga, loa => 250",2023-12-13 23:59,900,1,362,,PNK01,LOA >= 250,KADE BENOA,REGIONAL 3 TANJUNG PERAK,2022-08-22 23:00,TARIF AKTIF,Asia/Jakarta,438,1,110,
1,475000,17,2022-11-18 16:27,Rupiah,"Rp. di dermaga, loa 150 > 250",2023-12-31 23:59,901,1,363,,PNK01,LOA 150 > 250,KADE BENOA,REGIONAL 3 TANJUNG PERAK,2022-08-22 23:00,TARIF AKTIF,Asia/Jakarta,438,1,110,
1,385000,17,2022-11-18 16:27,Rupiah,"Rp. di dermaga, loa <= 70",2023-12-31 23:59,902,1,364,,PNK01,LOA <= 70,KADE BENOA,REGIONAL 3 TANJUNG PERAK,2022-08-22 23:00,TARIF AKTIF,Asia/Jakarta,438,1,110,
1,425000,17,2022-11-18 16:27,Rupiah,"Rp. di dermaga, loa 70 > 150",2023-12-31 23:59,903,1,365,,PNK01,LOA 70 > 150,KADE BENOA,REGIONAL 3 TANJUNG PERAK,2022-08-22 23:00,TARIF AKTIF,Asia/Jakarta,438,1,110,
1,1072000,17,2022-11-18 16:27,Dollar,"US$. di dermaga, loa => 250",2023-12-31 23:59,904,2,366,,PNK01,LOA >= 250,KADE BENOA,REGIONAL 3 TANJUNG PERAK,2022-08-22 23:00,TARIF AKTIF,Asia/Jakarta,438,1,110,
1,616000,17,2022-11-18 16:27,Dollar,"US$. di dermaga, loa <= 70",2023-12-31 23:59,905,2,367,,PNK01,LOA <= 70,KADE BENOA,REGIONAL 3 TANJUNG PERAK,2022-08-22 23:00,TARIF AKTIF,Asia/Jakarta,438,1,110,
1,680000,17,2022-11-18 16:27,Dollar,"US$. di dermaga, loa 70 > 150",2023-12-31 23:59,906,2,368,,PNK01,LOA 70 > 150,KADE BENOA,REGIONAL 3 TANJUNG PERAK,2022-08-22 23:00,TARIF AKTIF,Asia/Jakarta,438,1,110,
1,760000,17,2022-11-18 16:27,Dollar,"US$. di dermaga, loa 150 > 250",2023-12-31 23:59,907,2,369,,PNK01,LOA 150 > 250,KADE BENOA,REGIONAL 3 TANJUNG PERAK,2022-08-22 23:00,TARIF AKTIF,Asia/Jakarta,438,1,110,
1,385000,17,2022-11-18 16:27,Rupiah,"Rp. di dermaga, loa <= 70",2023-12-31 23:59,256,1,370,,PNK01,LOA <= 70,MIRAH TIMUR,REGIONAL 3 TANJUNG PERAK,2022-08-22 23:00,TARIF AKTIF,Asia/Jakarta,438,1,110,
1,425000,17,2022-11-18 16:27,Rupiah,"Rp. di dermaga, loa 70 > 150",2023-12-31 23:59,257,1,371,,PNK01,LOA 70 > 150,MIRAH TIMUR,REGIONAL 3 TANJUNG PERAK,2022-08-22 23:00,TARIF AKTIF,Asia/Jakarta,438,1,110,
1,475000,17,2022-11-18 16:27,Rupiah,"Rp. di dermaga, loa 150 > 250",2023-12-31 23:59,258,1,372,,PNK01,LOA 150 > 250,MIRAH TIMUR,REGIONAL 3 TANJUNG PERAK,2022-08-22 23:00,TARIF AKTIF,Asia/Jakarta,438,1,110,
1,670000,17,2022-11-18 16:27,Rupiah,"Rp. di dermaga, loa => 250",2023-12-13 23:59,259,1,373,,PNK01,LOA >= 250,MIRAH TIMUR,REGIONAL 3 TANJUNG PERAK,2022-08-22 23:00,TARIF AKTIF,Asia/Jakarta,438,1,110,
1,650000,17,2022-11-18 16:27,Rupiah,"Rp. di dermaga, loa 101 >",2040-08-22 23:00,540,1,374,,PNK01,LOA 101 >,DERMAGA UMUM PT. GRESIK JASA TAMA,REGIONAL 3 TANJUNG PERAK,2022-08-22 23:00,TARIF AKTIF,Asia/Jakarta,438,1,110,
1,550000,17,2022-11-18 16:27,Rupiah,"Rp. di dermaga, loa 0 > 100",2040-08-22 23:00,541,1,375,,PNK01,LOA 0 > 100,DERMAGA UMUM PT. GRESIK JASA TAMA,REGIONAL 3 TANJUNG PERAK,2022-08-22 23:00,TARIF AKTIF,Asia/Jakarta,438,1,110,
1,850000,17,2022-11-18 16:27,Dollar,"US$. di dermaga, loa 0 > 100",2024-08-22 23:00,542,2,376,,PNK01,LOA 0 > 100,DERMAGA UMUM PT. GRESIK JASA TAMA,REGIONAL 3 TANJUNG PERAK,2022-08-22 23:00,TARIF AKTIF,Asia/Jakarta,438,1,110,
1,1000000,17,2022-11-18 16:27,Dollar,"US$. di dermaga, loa 101 >",2024-08-22 23:00,543,2,377,,PNK01,LOA 101 >,DERMAGA UMUM PT. GRESIK JASA TAMA,REGIONAL 3 TANJUNG PERAK,2022-08-22 23:00,TARIF AKTIF,Asia/Jakarta,438,1,110,
1,650000,17,2022-11-18 16:27,Rupiah,"Rp. di dermaga, loa 101 >",2025-12-30 23:00,560,1,378,,PNK01,LOA 101 >,DERMAGA 70,REGIONAL 3 TANJUNG PERAK,2022-08-22 23:00,TARIF AKTIF,Asia/Jakarta,438,1,110,
1,550000,17,2022-11-18 16:27,Rupiah,"Rp. di dermaga, loa 0 > 100",2025-12-30 23:00,561,1,379,,PNK01,LOA 0 > 100,DERMAGA 70,REGIONAL 3 TANJUNG PERAK,2022-08-22 23:00,TARIF AKTIF,Asia/Jakarta,438,1,110,
1,850000,17,2022-11-18 16:27,Dollar,"US$. di dermaga, loa 0 > 100",2025-12-30 23:00,562,2,380,,PNK01,LOA 0 > 100,DERMAGA 70,REGIONAL 3 TANJUNG PERAK,2022-08-22 23:00,TARIF AKTIF,Asia/Jakarta,438,1,110,
1,1000000,17,2022-11-18 16:27,Dollar,"US$. di dermaga, loa 101 >",2025-12-30 23:00,563,2,381,,PNK01,LOA 101 >,DERMAGA 70,REGIONAL 3 TANJUNG PERAK,2022-08-22 23:00,TARIF AKTIF,Asia/Jakarta,438,1,110,
1,650000,17,2022-11-18 16:27,Rupiah,"Rp. di dermaga, loa 101 >",2099-08-22 23:00,242,1,382,,PNK01,LOA 101 >,DERMAGA NUSANDARA (265),REGIONAL 3 TANJUNG PERAK,2022-08-22 23:00,TARIF AKTIF,Asia/Jakarta,438,1,110,
1,550000,17,2022-11-18 16:27,Rupiah,"Rp. di dermaga, loa 0 > 100",2099-08-22 23:00,243,1,383,,PNK01,LOA 0 > 100,DERMAGA NUSANDARA (265),REGIONAL 3 TANJUNG PERAK,2022-08-22 23:00,TARIF AKTIF,Asia/Jakarta,438,1,110,
1,850000,17,2022-11-18 16:27,Dollar,"US$. di dermaga, loa 0 > 100",2099-08-22 23:00,244,2,384,,PNK01,LOA 0 > 100,DERMAGA NUSANDARA (265),REGIONAL 3 TANJUNG PERAK,2022-08-22 23:00,TARIF AKTIF,Asia/Jakarta,438,1,110,
1,1000000,17,2022-11-18 16:27,Dollar,"US$. di dermaga, loa 101 >",2099-08-22 23:00,247,2,385,,PNK01,LOA 101 >,DERMAGA NUSANDARA (265),REGIONAL 3 TANJUNG PERAK,2022-08-22 23:00,TARIF AKTIF,Asia/Jakarta,438,1,110,
1,550000,17,2022-11-18 16:27,Rupiah,"Rp. di dermaga, loa 0 > 100",2099-08-22 23:00,1607,1,386,,PNK01,LOA <= 70,DERMAGA NUSANDARA (265),REGIONAL 3 TANJUNG PERAK,2022-08-22 23:00,TARIF AKTIF,Asia/Jakarta,438,1,110,
1,650000,17,2022-11-18 16:27,Rupiah,"Rp. di dermaga, loa 101 >",2099-08-22 23:00,347,1,387,,PNK01,LOA 101 >,DERMAGA TALUD TEGAK 1,REGIONAL 3 TANJUNG PERAK,2022-08-22 23:00,TARIF AKTIF,Asia/Jakarta,438,1,110,
1,850000,17,2022-11-18 16:27,Dollar,"US$. di dermaga, loa 0 > 100",2099-08-22 23:00,350,2,388,,PNK01,LOA 0 > 100,DERMAGA TALUD TEGAK 1,REGIONAL 3 TANJUNG PERAK,2022-08-22 23:00,TARIF AKTIF,Asia/Jakarta,438,1,110,
1,1000000,17,2022-11-18 16:27,Dollar,"US$. di dermaga, loa 101 >",2099-08-22 23:00,351,2,389,,PNK01,LOA 101 >,DERMAGA TALUD TEGAK 1,REGIONAL 3 TANJUNG PERAK,2022-08-22 23:00,TARIF AKTIF,Asia/Jakarta,438,1,110,
1,550000,17,2022-11-18 16:27,Rupiah,"Rp. di dermaga, loa 0 > 100",2099-08-22 23:00,352,1,390,,PNK01,LOA 0 > 100,DERMAGA TALUD TEGAK 1,REGIONAL 3 TANJUNG PERAK,2022-08-22 23:00,TARIF AKTIF,Asia/Jakarta,438,1,110,
1,650000,17,2022-11-18 16:27,Rupiah,"Rp. di dermaga, loa 101 >",2024-08-22 23:00,355,1,391,,PNK01,LOA 101 >,DERMAGA PELRA,REGIONAL 3 TANJUNG PERAK,2022-08-22 23:00,TARIF AKTIF,Asia/Jakarta,438,1,110,
1,850000,17,2022-11-18 16:27,Dollar,"US$. di dermaga, loa 0 > 100",2024-08-22 23:00,358,2,392,,PNK01,LOA 0 > 100,DERMAGA PELRA,REGIONAL 3 TANJUNG PERAK,2022-08-22 23:00,TARIF AKTIF,Asia/Jakarta,438,1,110,
1,1000000,17,2022-11-18 16:27,Dollar,"US$. di dermaga, loa 101 >",2024-08-22 23:00,359,2,393,,PNK01,LOA 101 >,DERMAGA PELRA,REGIONAL 3 TANJUNG PERAK,2022-08-22 23:00,TARIF AKTIF,Asia/Jakarta,438,1,110,
1,550000,17,2022-11-18 16:27,Rupiah,"Rp. di dermaga, loa 0 > 100",2024-08-22 23:00,360,1,394,,PNK01,LOA 0 > 100,DERMAGA PELRA,REGIONAL 3 TANJUNG PERAK,2022-08-22 23:00,TARIF AKTIF,Asia/Jakarta,438,1,110,
1,650000,17,2022-11-18 16:27,Rupiah,"Rp. di dermaga, loa 101 >",2030-08-22 23:00,363,1,395,,PNK01,LOA 101 >,DERMAGA UMUM IBL SISI LUAR,REGIONAL 3 TANJUNG PERAK,2022-08-22 23:00,TARIF AKTIF,Asia/Jakarta,438,1,110,
1,850000,17,2022-11-18 16:27,Dollar,"US$. di dermaga, loa 0 > 100",2030-08-22 23:00,366,2,396,,PNK01,LOA 0 > 100,DERMAGA UMUM IBL SISI LUAR,REGIONAL 3 TANJUNG PERAK,2022-08-22 23:00,TARIF AKTIF,Asia/Jakarta,438,1,110,
1,1000000,17,2022-11-18 16:27,Dollar,"US$. di dermaga, loa 101 >",2030-08-22 23:00,367,2,397,,PNK01,LOA 101 >,DERMAGA UMUM IBL SISI LUAR,REGIONAL 3 TANJUNG PERAK,2022-08-22 23:00,TARIF AKTIF,Asia/Jakarta,438,1,110,
1,550000,17,2022-11-18 16:27,Rupiah,"Rp. di dermaga, loa 0 > 100",2030-08-22 23:00,368,1,398,,PNK01,LOA 0 > 100,DERMAGA UMUM IBL SISI LUAR,REGIONAL 3 TANJUNG PERAK,2022-08-22 23:00,TARIF AKTIF,Asia/Jakarta,438,1,110,
1,650000,17,2022-11-18 16:27,Rupiah,"Rp. di dermaga, loa 101 >",2099-08-22 23:00,220,1,399,,PNK01,LOA 101 >,DERMAGA 78,REGIONAL 3 TANJUNG PERAK,2022-08-22 23:00,TARIF AKTIF,Asia/Jakarta,438,1,110,
1,850000,17,2022-11-18 16:27,Dollar,"US$. di dermaga, loa 0 > 100",2099-08-22 23:00,204,2,400,,PNK01,LOA 0 > 100,DERMAGA 78,REGIONAL 3 TANJUNG PERAK,2022-08-22 23:00,TARIF AKTIF,Asia/Jakarta,438,1,110,
1,1000000,17,2022-11-18 16:27,Dollar,"US$. di dermaga, loa 101 >",2099-08-22 23:00,205,2,401,,PNK01,LOA 101 >,DERMAGA 78,REGIONAL 3 TANJUNG PERAK,2022-08-22 23:00,TARIF AKTIF,Asia/Jakarta,438,1,110,
1,550000,17,2022-11-18 16:27,Rupiah,"Rp. di dermaga, loa 0 > 100",2099-08-22 23:00,206,1,402,,PNK01,LOA 0 > 100,DERMAGA 78,REGIONAL 3 TANJUNG PERAK,2022-08-22 23:00,TARIF AKTIF,Asia/Jakarta,438,1,110,
1,650000,17,2022-11-18 16:27,Rupiah,"Rp. di dermaga, loa 101 >",2099-12-30 23:00,371,1,403,,PNK01,LOA 101 >,MULTIPURPOSE,REGIONAL 3 TANJUNG PERAK,2022-08-22 23:00,TARIF AKTIF,Asia/Jakarta,438,1,110,
1,850000,17,2022-11-18 16:27,Dollar,"US$. di dermaga, loa 0 > 100",2025-12-30 23:00,374,2,404,,PNK01,LOA 0 > 100,MULTIPURPOSE,REGIONAL 3 TANJUNG PERAK,2022-08-22 23:00,TARIF AKTIF,Asia/Jakarta,438,1,110,
1,1000000,17,2022-11-18 16:27,Dollar,"US$. di dermaga, loa 101 >",2025-12-30 23:00,375,2,405,,PNK01,LOA 101 >,MULTIPURPOSE,REGIONAL 3 TANJUNG PERAK,2022-08-22 23:00,TARIF AKTIF,Asia/Jakarta,438,1,110,
1,550000,17,2022-11-18 16:27,Rupiah,"Rp. di dermaga, loa 0 > 100",2025-12-30 23:00,376,1,406,,PNK01,LOA 0 > 100,MULTIPURPOSE,REGIONAL 3 TANJUNG PERAK,2022-08-22 23:00,TARIF AKTIF,Asia/Jakarta,438,1,110,
1,650000,17,2022-11-18 16:27,Rupiah,"Rp. di dermaga, loa 101 >",2024-08-22 23:00,379,1,407,,PNK01,LOA 101 >,DERMAGA UMUM BANGUN ARTHA,REGIONAL 3 TANJUNG PERAK,2022-08-22 23:00,TARIF AKTIF,Asia/Jakarta,438,1,110,
1,850000,17,2022-11-18 16:27,Dollar,"US$. di dermaga, loa 0 > 100",2024-08-22 23:00,382,2,408,,PNK01,LOA 0 > 100,DERMAGA UMUM BANGUN ARTHA,REGIONAL 3 TANJUNG PERAK,2022-08-22 23:00,TARIF AKTIF,Asia/Jakarta,438,1,110,
1,1000000,17,2022-11-18 16:27,Dollar,"US$. di dermaga, loa 101 >",2024-08-22 23:00,383,2,409,,PNK01,LOA 101 >,DERMAGA UMUM BANGUN ARTHA,REGIONAL 3 TANJUNG PERAK,2022-08-22 23:00,TARIF AKTIF,Asia/Jakarta,438,1,110,
1,550000,17,2022-11-18 16:27,Rupiah,"Rp. di dermaga, loa 0 > 100",2024-08-22 23:00,384,1,410,,PNK01,LOA 0 > 100,DERMAGA UMUM BANGUN ARTHA,REGIONAL 3 TANJUNG PERAK,2022-08-22 23:00,TARIF AKTIF,Asia/Jakarta,438,1,110,
1,650000,17,2022-11-18 16:27,Rupiah,"Rp. di dermaga, loa 101 >",2025-12-30 23:00,395,1,411,,PNK01,LOA 101 >,DERMAGA TALUD TEGAK,REGIONAL 3 TANJUNG PERAK,2022-08-22 23:00,TARIF AKTIF,Asia/Jakarta,438,1,110,
1,850000,17,2022-11-18 16:27,Dollar,"US$. di dermaga, loa 0 > 100",2025-12-30 23:00,398,2,412,,PNK01,LOA 0 > 100,DERMAGA TALUD TEGAK,REGIONAL 3 TANJUNG PERAK,2022-08-22 23:00,TARIF AKTIF,Asia/Jakarta,438,1,110,
1,1000000,17,2022-11-18 16:27,Dollar,"US$. di dermaga, loa 101 >",2025-12-30 23:00,399,2,413,,PNK01,LOA 101 >,DERMAGA TALUD TEGAK,REGIONAL 3 TANJUNG PERAK,2022-08-22 23:00,TARIF AKTIF,Asia/Jakarta,438,1,110,
1,550000,17,2022-11-18 16:27,Rupiah,"Rp. di dermaga, loa 0 > 100",2025-12-30 23:00,400,1,414,,PNK01,LOA 0 > 100,DERMAGA TALUD TEGAK,REGIONAL 3 TANJUNG PERAK,2022-08-22 23:00,TARIF AKTIF,Asia/Jakarta,438,1,110,
1,650000,17,2022-11-18 16:27,Rupiah,"Rp. di dermaga, loa 101 >",2025-12-31 23:00,403,1,415,,PNK01,LOA 101 >,DERMAGA TALUD TEGAK SISI DALAM,REGIONAL 3 TANJUNG PERAK,2022-08-22 23:00,TARIF AKTIF,Asia/Jakarta,438,1,110,
1,850000,17,2022-11-18 16:27,Dollar,"US$. di dermaga, loa 0 > 100",2025-12-31 23:00,406,2,416,,PNK01,LOA 0 > 100,DERMAGA TALUD TEGAK SISI DALAM,REGIONAL 3 TANJUNG PERAK,2022-08-22 23:00,TARIF AKTIF,Asia/Jakarta,438,1,110,
1,1000000,17,2022-11-18 16:27,Dollar,"US$. di dermaga, loa 101 >",2025-12-31 23:00,407,2,417,,PNK01,LOA 101 >,DERMAGA TALUD TEGAK SISI DALAM,REGIONAL 3 TANJUNG PERAK,2022-08-22 23:00,TARIF AKTIF,Asia/Jakarta,438,1,110,
1,550000,17,2022-11-18 16:27,Rupiah,"Rp. di dermaga, loa 0 > 100",2025-12-31 23:00,408,1,418,,PNK01,LOA 0 > 100,DERMAGA TALUD TEGAK SISI DALAM,REGIONAL 3 TANJUNG PERAK,2022-08-22 23:00,TARIF AKTIF,Asia/Jakarta,438,1,110,
1,650000,17,2022-11-18 16:27,Rupiah,"Rp. di dermaga, loa 101 >",2024-08-22 23:00,411,1,419,,PNK01,LOA 101 >,DERMAGA UMUM PENUMPANG,REGIONAL 3 TANJUNG PERAK,2022-08-22 23:00,TARIF AKTIF,Asia/Jakarta,438,1,110,
1,850000,17,2022-11-18 16:27,Dollar,"US$. di dermaga, loa 0 > 100",2024-08-22 23:00,414,2,420,,PNK01,LOA 0 > 100,DERMAGA UMUM PENUMPANG,REGIONAL 3 TANJUNG PERAK,2022-08-22 23:00,TARIF AKTIF,Asia/Jakarta,438,1,110,
1,1000000,17,2022-11-18 16:27,Dollar,"US$. di dermaga, loa 101 >",2024-08-22 23:00,415,2,421,,PNK01,LOA 101 >,DERMAGA UMUM PENUMPANG,REGIONAL 3 TANJUNG PERAK,2022-08-22 23:00,TARIF AKTIF,Asia/Jakarta,438,1,110,
1,550000,17,2022-11-18 16:27,Rupiah,"Rp. di dermaga, loa 0 > 100",2024-08-22 23:00,416,1,422,,PNK01,LOA 0 > 100,DERMAGA UMUM PENUMPANG,REGIONAL 3 TANJUNG PERAK,2022-08-22 23:00,TARIF AKTIF,Asia/Jakarta,438,1,110,
1,550000,17,2022-11-18 16:27,Rupiah,"Rp. di dermaga, loa 0 > 100",2025-12-31 23:00,53,1,423,,PNK01,LOA 0 > 100,DERMAGA UMUM IBL SISI DALAM,REGIONAL 3 TANJUNG PERAK,2022-08-22 23:00,TARIF AKTIF,Asia/Jakarta,438,1,110,
1,650000,17,2022-11-18 16:27,Rupiah,"Rp. di dermaga, loa 101 >",2025-12-31 23:00,419,1,424,,PNK01,LOA 101 >,DERMAGA UMUM IBL SISI DALAM,REGIONAL 3 TANJUNG PERAK,2022-08-22 23:00,TARIF AKTIF,Asia/Jakarta,438,1,110,
1,850000,17,2022-11-18 16:27,Dollar,"US$. di dermaga, loa 0 > 100",2025-12-31 23:00,422,2,425,,PNK01,LOA 0 > 100,DERMAGA UMUM IBL SISI DALAM,REGIONAL 3 TANJUNG PERAK,2022-08-22 23:00,TARIF AKTIF,Asia/Jakarta,438,1,110,
1,1000000,17,2022-11-18 16:27,Dollar,"US$. di dermaga, loa 101 >",2025-12-31 23:00,423,2,426,,PNK01,LOA 101 >,DERMAGA UMUM IBL SISI DALAM,REGIONAL 3 TANJUNG PERAK,2022-08-22 23:00,TARIF AKTIF,Asia/Jakarta,438,1,110,
1,550000,17,2022-11-18 16:27,Rupiah,"Rp. di dermaga, loa 0 > 100",2025-10-22 23:00,580,1,427,,PNK01,LOA 0 > 100,DERMAGA 180,REGIONAL 3 TANJUNG PERAK,2022-08-22 23:00,TARIF AKTIF,Asia/Jakarta,438,1,110,
1,650000,17,2022-11-18 16:27,Rupiah,"Rp. di dermaga, loa 101 >",2024-10-22 23:00,581,1,428,,PNK01,LOA 101 >,DERMAGA 180,REGIONAL 3 TANJUNG PERAK,2022-08-22 23:00,TARIF AKTIF,Asia/Jakarta,438,1,110,
1,850000,17,2022-11-18 16:27,Dollar,"US$. di dermaga, loa 0 > 100",2024-10-22 23:00,582,2,429,,PNK01,LOA 0 > 100,DERMAGA 180,REGIONAL 3 TANJUNG PERAK,2022-08-22 23:00,TARIF AKTIF,Asia/Jakarta,438,1,110,
1,1000000,17,2022-11-18 16:27,Dollar,"US$. di dermaga, loa 101 >",2024-10-22 23:00,583,2,430,,PNK01,LOA 101 >,DERMAGA 180,REGIONAL 3 TANJUNG PERAK,2022-08-22 23:00,TARIF AKTIF,Asia/Jakarta,438,1,110,
1,1072000,17,2022-11-18 16:27,Dollar,"US$. di dermaga, loa => 250",2023-12-31 23:59,2430,2,431,,PNK01,LOA >= 250,DERMAGA BERLIAN,REGIONAL 3 TANJUNG PERAK,2022-08-22 23:00,TARIF AKTIF,Asia/Jakarta,438,1,110,
1,475000,17,2022-11-18 16:27,Rupiah,"Rp. di dermaga, loa 150 > 250",2023-12-31 23:59,2431,1,432,,PNK01,LOA 150 > 250,DERMAGA BERLIAN,REGIONAL 3 TANJUNG PERAK,2022-08-22 23:00,TARIF AKTIF,Asia/Jakarta,438,1,110,
1,385000,17,2022-11-18 16:27,Rupiah,"Rp. di dermaga, loa <= 70",2023-12-31 23:59,2432,1,433,,PNK01,LOA <= 70,DERMAGA BERLIAN,REGIONAL 3 TANJUNG PERAK,2022-08-22 23:00,TARIF AKTIF,Asia/Jakarta,438,1,110,
1,425000,17,2022-11-18 16:27,Rupiah,"Rp. di dermaga, loa 70 > 150",2023-12-31 23:59,2433,1,434,,PNK01,LOA 70 > 150,DERMAGA BERLIAN,REGIONAL 3 TANJUNG PERAK,2022-08-22 23:00,TARIF AKTIF,Asia/Jakarta,438,1,110,
1,616000,17,2022-11-18 16:27,Dollar,"US$. di dermaga, loa <= 70",2023-12-31 23:59,2434,2,435,,PNK01,LOA <= 70,DERMAGA BERLIAN,REGIONAL 3 TANJUNG PERAK,2022-08-22 23:00,TARIF AKTIF,Asia/Jakarta,438,1,110,
1,680000,17,2022-11-18 16:27,Dollar,"US$. di dermaga, loa 70 > 150",2023-12-31 23:59,2435,2,436,,PNK01,LOA 70 > 150,DERMAGA BERLIAN,REGIONAL 3 TANJUNG PERAK,2022-08-22 23:00,TARIF AKTIF,Asia/Jakarta,438,1,110,
1,760000,17,2022-11-18 16:27,Dollar,"US$. di dermaga, loa 150 > 250",2023-12-31 23:59,2436,2,437,,PNK01,LOA 150 > 250,DERMAGA BERLIAN,REGIONAL 3 TANJUNG PERAK,2022-08-22 23:00,TARIF AKTIF,Asia/Jakarta,438,1,110,
1,670000,17,2022-11-18 16:27,Rupiah,"Rp. di dermaga, loa => 250",2023-12-13 23:59,2437,1,438,,PNK01,LOA >= 250,DERMAGA BERLIAN,REGIONAL 3 TANJUNG PERAK,2022-08-22 23:00,TARIF AKTIF,Asia/Jakarta,438,1,110,
